"age","anio_def","variable","method","cor","p.value","n"
"01.menor a 20 anios",2015,"covid","pearson",NA,NA,12
"01.menor a 20 anios",2015,"covid","spearman",NA,NA,12
"01.menor a 20 anios",2015,"resp","pearson",-0.0213144611041652,0.947578203692912,12
"01.menor a 20 anios",2015,"resp","spearman",-0.143607926009361,0.656129207444872,12
"01.menor a 20 anios",2015,"circ","pearson",0.185702065351587,0.563370355200057,12
"01.menor a 20 anios",2015,"circ","spearman",0.115879440581818,0.719872366243943,12
"01.menor a 20 anios",2015,"diabetes","pearson",0.242419428836139,0.447762625446936,12
"01.menor a 20 anios",2015,"diabetes","spearman",0.362455361760074,0.246916299579465,12
"01.menor a 20 anios",2015,"alzheimer","pearson",NA,NA,12
"01.menor a 20 anios",2015,"alzheimer","spearman",NA,NA,12
"01.menor a 20 anios",2015,"metabolic","pearson",-0.153971624508713,0.632810139575847,12
"01.menor a 20 anios",2015,"metabolic","spearman",-0.180861298461743,0.573761268632284,12
"01.menor a 20 anios",2015,"anemia","pearson",-0.249379002197123,0.43441734084871,12
"01.menor a 20 anios",2015,"anemia","spearman",-0.187109685240688,0.5603632396562,12
"01.menor a 20 anios",2016,"covid","pearson",NA,NA,12
"01.menor a 20 anios",2016,"covid","spearman",NA,NA,12
"01.menor a 20 anios",2016,"resp","pearson",0.406680953258316,0.189535692834217,12
"01.menor a 20 anios",2016,"resp","spearman",0.328671328671329,0.297385077720106,12
"01.menor a 20 anios",2016,"circ","pearson",0.364920845337307,0.243476421972665,12
"01.menor a 20 anios",2016,"circ","spearman",0.168422089397401,0.600804984282144,12
"01.menor a 20 anios",2016,"diabetes","pearson",0.277117722105683,0.383206700500301,12
"01.menor a 20 anios",2016,"diabetes","spearman",0.0829415430422318,0.797746707476488,12
"01.menor a 20 anios",2016,"alzheimer","pearson",NA,NA,12
"01.menor a 20 anios",2016,"alzheimer","spearman",NA,NA,12
"01.menor a 20 anios",2016,"metabolic","pearson",0.429447756779519,0.16355140270214,12
"01.menor a 20 anios",2016,"metabolic","spearman",0.480384461415261,0.11393741215192,12
"01.menor a 20 anios",2016,"anemia","pearson",0.113097001218559,0.726367746022484,12
"01.menor a 20 anios",2016,"anemia","spearman",-0.0462706707003683,0.886455200511483,12
"01.menor a 20 anios",2017,"covid","pearson",NA,NA,12
"01.menor a 20 anios",2017,"covid","spearman",NA,NA,12
"01.menor a 20 anios",2017,"resp","pearson",0.331335931107598,0.292769512822739,12
"01.menor a 20 anios",2017,"resp","spearman",-0.034965034965035,0.921184082791962,12
"01.menor a 20 anios",2017,"circ","pearson",0.251663280043635,0.430079728562181,12
"01.menor a 20 anios",2017,"circ","spearman",0.228474177374493,0.475079729629864,12
"01.menor a 20 anios",2017,"diabetes","pearson",0.305434666296247,0.334332986041161,12
"01.menor a 20 anios",2017,"diabetes","spearman",0.355482418548599,0.256798878472805,12
"01.menor a 20 anios",2017,"alzheimer","pearson",NA,NA,12
"01.menor a 20 anios",2017,"alzheimer","spearman",NA,NA,12
"01.menor a 20 anios",2017,"metabolic","pearson",0.671101919639228,0.0168823221412851,12
"01.menor a 20 anios",2017,"metabolic","spearman",0.609510866600011,0.0353743519718063,12
"01.menor a 20 anios",2017,"anemia","pearson",0.341832571149719,0.27680060712828,12
"01.menor a 20 anios",2017,"anemia","spearman",0.438219973919812,0.154176080281154,12
"01.menor a 20 anios",2018,"covid","pearson",NA,NA,12
"01.menor a 20 anios",2018,"covid","spearman",NA,NA,12
"01.menor a 20 anios",2018,"resp","pearson",0.188167542002845,0.558107641944703,12
"01.menor a 20 anios",2018,"resp","spearman",0.287721069387227,0.364493927115292,12
"01.menor a 20 anios",2018,"circ","pearson",0.11804434286917,0.714830289369124,12
"01.menor a 20 anios",2018,"circ","spearman",-0.142371294462672,0.658931117478826,12
"01.menor a 20 anios",2018,"diabetes","pearson",-0.147962251486855,0.646295884761907,12
"01.menor a 20 anios",2018,"diabetes","spearman",-0.309168191418475,0.328154260011199,12
"01.menor a 20 anios",2018,"alzheimer","pearson",0.147901278711619,0.646433225172557,12
"01.menor a 20 anios",2018,"alzheimer","spearman",0.218356573370573,0.495366759516297,12
"01.menor a 20 anios",2018,"metabolic","pearson",0.403623376815722,0.193208474949934,12
"01.menor a 20 anios",2018,"metabolic","spearman",0.205325493516004,0.522053799533618,12
"01.menor a 20 anios",2018,"anemia","pearson",0.117206593321664,0.716780186538878,12
"01.menor a 20 anios",2018,"anemia","spearman",0.125900023235962,0.696623322554212,12
"01.menor a 20 anios",2019,"covid","pearson",NA,NA,12
"01.menor a 20 anios",2019,"covid","spearman",NA,NA,12
"01.menor a 20 anios",2019,"resp","pearson",-0.0423145683118972,0.896114696312771,12
"01.menor a 20 anios",2019,"resp","spearman",0.080702251169588,0.803111357351582,12
"01.menor a 20 anios",2019,"circ","pearson",-0.212312939190613,0.507667072519695,12
"01.menor a 20 anios",2019,"circ","spearman",-0.284713974882061,0.369751293157933,12
"01.menor a 20 anios",2019,"diabetes","pearson",0.416906412222315,0.177568530730863,12
"01.menor a 20 anios",2019,"diabetes","spearman",0.480384461415261,0.11393741215192,12
"01.menor a 20 anios",2019,"alzheimer","pearson",NA,NA,12
"01.menor a 20 anios",2019,"alzheimer","spearman",NA,NA,12
"01.menor a 20 anios",2019,"metabolic","pearson",0.113262014100914,0.725982070459017,12
"01.menor a 20 anios",2019,"metabolic","spearman",0.105539010462444,0.744093883727902,12
"01.menor a 20 anios",2019,"anemia","pearson",-0.0376535530359681,0.907511904942384,12
"01.menor a 20 anios",2019,"anemia","spearman",-0.025620922913011,0.937003662754338,12
"01.menor a 20 anios",2020,"covid","pearson",0.00917606327533712,0.977420816769605,12
"01.menor a 20 anios",2020,"covid","spearman",-0.22535770086528,0.481287412946627,12
"01.menor a 20 anios",2020,"resp","pearson",0.0407456158444198,0.89994921832745,12
"01.menor a 20 anios",2020,"resp","spearman",0.192644778793045,0.548602518561392,12
"01.menor a 20 anios",2020,"circ","pearson",-0.474602890648977,0.118991234787895,12
"01.menor a 20 anios",2020,"circ","spearman",-0.343861765853027,0.273772326952078,12
"01.menor a 20 anios",2020,"diabetes","pearson",0.428503029698131,0.164582086146293,12
"01.menor a 20 anios",2020,"diabetes","spearman",0.281830152043121,0.374830089844475,12
"01.menor a 20 anios",2020,"alzheimer","pearson",NA,NA,12
"01.menor a 20 anios",2020,"alzheimer","spearman",NA,NA,12
"01.menor a 20 anios",2020,"metabolic","pearson",-0.0147311774767438,0.963757980305462,12
"01.menor a 20 anios",2020,"metabolic","spearman",-0.0145296126951791,0.964253594059768,12
"01.menor a 20 anios",2020,"anemia","pearson",0.360299432578895,0.249947581182033,12
"01.menor a 20 anios",2020,"anemia","spearman",0.378484727175661,0.225060900483531,12
"01.menor a 20 anios",2021,"covid","pearson",-0.57635303350183,0.0498186395565582,12
"01.menor a 20 anios",2021,"covid","spearman",-0.638472797094535,0.0254520153358528,12
"01.menor a 20 anios",2021,"resp","pearson",-0.114204686610005,0.723779935999641,12
"01.menor a 20 anios",2021,"resp","spearman",-0.253079088784054,0.427401908548091,12
"01.menor a 20 anios",2021,"circ","pearson",-0.373684926131132,0.231479005074567,12
"01.menor a 20 anios",2021,"circ","spearman",-0.312282624091014,0.323048094056083,12
"01.menor a 20 anios",2021,"diabetes","pearson",-0.0401246070173754,0.901467511694585,12
"01.menor a 20 anios",2021,"diabetes","spearman",-0.116236901561433,0.719039124006767,12
"01.menor a 20 anios",2021,"alzheimer","pearson",NA,NA,12
"01.menor a 20 anios",2021,"alzheimer","spearman",NA,NA,12
"01.menor a 20 anios",2021,"metabolic","pearson",0.201432139868175,0.530145496196002,12
"01.menor a 20 anios",2021,"metabolic","spearman",0.20423041640916,0.524324327435998,12
"01.menor a 20 anios",2021,"anemia","pearson",-0.141924517137027,0.659944400433044,12
"01.menor a 20 anios",2021,"anemia","spearman",-0.0682473729875117,0.83308614872249,12
"01.menor a 20 anios",2022,"covid","pearson",0.243789787316017,0.445119554956375,12
"01.menor a 20 anios",2022,"covid","spearman",-0.108581602592444,0.736943708354792,12
"01.menor a 20 anios",2022,"resp","pearson",0.063885555359075,0.843634058405947,12
"01.menor a 20 anios",2022,"resp","spearman",-0.0455342204419925,0.888252331652893,12
"01.menor a 20 anios",2022,"circ","pearson",0.399768688064823,0.197900855264125,12
"01.menor a 20 anios",2022,"circ","spearman",0.19435721050356,0.544984923159093,12
"01.menor a 20 anios",2022,"diabetes","pearson",-0.000439617411418448,0.998918129305369,12
"01.menor a 20 anios",2022,"diabetes","spearman",-0.0254268222165634,0.937480088900692,12
"01.menor a 20 anios",2022,"alzheimer","pearson",NA,NA,12
"01.menor a 20 anios",2022,"alzheimer","spearman",NA,NA,12
"01.menor a 20 anios",2022,"metabolic","pearson",0.42551746609573,0.167866238013044,12
"01.menor a 20 anios",2022,"metabolic","spearman",0.257900625339429,0.418344180750761,12
"01.menor a 20 anios",2022,"anemia","pearson",0.581284856861265,0.0474454991318806,12
"01.menor a 20 anios",2022,"anemia","spearman",0.585621095154536,0.0454257417528596,12
"01.menor a 20 anios",2023,"covid","pearson",0.171135269181002,0.594865228492202,12
"01.menor a 20 anios",2023,"covid","spearman",0.0110871074247953,0.97271979299772,12
"01.menor a 20 anios",2023,"resp","pearson",-0.419057960251613,0.175112238369281,12
"01.menor a 20 anios",2023,"resp","spearman",-0.28371321967703,0.371509666939279,12
"01.menor a 20 anios",2023,"circ","pearson",-0.0378352355544843,0.90706733806284,12
"01.menor a 20 anios",2023,"circ","spearman",-0.0492969970642799,0.879075410400554,12
"01.menor a 20 anios",2023,"diabetes","pearson",0.536410311103764,0.0721855110058499,12
"01.menor a 20 anios",2023,"diabetes","spearman",0.506594071538595,0.09280998587829,12
"01.menor a 20 anios",2023,"alzheimer","pearson",NA,NA,12
"01.menor a 20 anios",2023,"alzheimer","spearman",NA,NA,12
"01.menor a 20 anios",2023,"metabolic","pearson",-0.178382296516032,0.579111891272991,12
"01.menor a 20 anios",2023,"metabolic","spearman",-0.276127387831867,0.384979224899707,12
"01.menor a 20 anios",2023,"anemia","pearson",-0.168376967363382,0.600903956579744,12
"01.menor a 20 anios",2023,"anemia","spearman",-0.41280484061887,0.182310429166854,12
"01.menor a 20 anios",2024,"covid","pearson",0.457261972712725,0.135025542093486,12
"01.menor a 20 anios",2024,"covid","spearman",0.511335701391265,0.0892927638303048,12
"01.menor a 20 anios",2024,"resp","pearson",-0.233753969564726,0.464648021567224,12
"01.menor a 20 anios",2024,"resp","spearman",-0.234676366893346,0.462836643549213,12
"01.menor a 20 anios",2024,"circ","pearson",0.636302150621034,0.0261158658758477,12
"01.menor a 20 anios",2024,"circ","spearman",0.352747401709688,0.260737130746158,12
"01.menor a 20 anios",2024,"diabetes","pearson",-0.466828435259196,0.126016286991341,12
"01.menor a 20 anios",2024,"diabetes","spearman",-0.563912929167263,0.0561729666192639,12
"01.menor a 20 anios",2024,"alzheimer","pearson",NA,NA,12
"01.menor a 20 anios",2024,"alzheimer","spearman",NA,NA,12
"01.menor a 20 anios",2024,"metabolic","pearson",0.0853777792930065,0.791919356076436,12
"01.menor a 20 anios",2024,"metabolic","spearman",0.11766968108291,0.715702137681979,12
"01.menor a 20 anios",2024,"anemia","pearson",-0.0948937543421103,0.769253608888507,12
"01.menor a 20 anios",2024,"anemia","spearman",-0.100205991889066,0.756671191681596,12
"02.de 20 a 39 anios",2015,"covid","pearson",NA,NA,12
"02.de 20 a 39 anios",2015,"covid","spearman",NA,NA,12
"02.de 20 a 39 anios",2015,"resp","pearson",-0.503575966115206,0.095096655329275,12
"02.de 20 a 39 anios",2015,"resp","spearman",-0.564915758187116,0.0556408224592639,12
"02.de 20 a 39 anios",2015,"circ","pearson",0.165801389167876,0.606563542972995,12
"02.de 20 a 39 anios",2015,"circ","spearman",0.118881118881119,0.716184326595525,12
"02.de 20 a 39 anios",2015,"diabetes","pearson",-0.139325643459249,0.665848956413092,12
"02.de 20 a 39 anios",2015,"diabetes","spearman",-0.248699629864677,0.435711481962262,12
"02.de 20 a 39 anios",2015,"alzheimer","pearson",NA,NA,12
"02.de 20 a 39 anios",2015,"alzheimer","spearman",NA,NA,12
"02.de 20 a 39 anios",2015,"metabolic","pearson",-0.112324287192882,0.728174542999359,12
"02.de 20 a 39 anios",2015,"metabolic","spearman",-0.0744755776192409,0.81806895182605,12
"02.de 20 a 39 anios",2015,"anemia","pearson",0.145365278991873,0.652154462171778,12
"02.de 20 a 39 anios",2015,"anemia","spearman",0.215916758543765,0.500316221686878,12
"02.de 20 a 39 anios",2016,"covid","pearson",NA,NA,12
"02.de 20 a 39 anios",2016,"covid","spearman",NA,NA,12
"02.de 20 a 39 anios",2016,"resp","pearson",0.760811282494574,0.00405976931483089,12
"02.de 20 a 39 anios",2016,"resp","spearman",0.545454545454546,0.0706789050614175,12
"02.de 20 a 39 anios",2016,"circ","pearson",0.632041797480711,0.0274551060082889,12
"02.de 20 a 39 anios",2016,"circ","spearman",0.614038867594691,0.0336660230881011,12
"02.de 20 a 39 anios",2016,"diabetes","pearson",0.656401386675147,0.0204274878821994,12
"02.de 20 a 39 anios",2016,"diabetes","spearman",0.414037636435277,0.18087697573958,12
"02.de 20 a 39 anios",2016,"alzheimer","pearson",-0.156327886927485,0.627550019752107,12
"02.de 20 a 39 anios",2016,"alzheimer","spearman",-0.131013944022344,0.684848714427375,12
"02.de 20 a 39 anios",2016,"metabolic","pearson",0.660663726127258,0.0193483957482879,12
"02.de 20 a 39 anios",2016,"metabolic","spearman",0.671489000634627,0.0167955583878732,12
"02.de 20 a 39 anios",2016,"anemia","pearson",0.214973534197886,0.502235554107425,12
"02.de 20 a 39 anios",2016,"anemia","spearman",0.354299757036341,0.258497555164483,12
"02.de 20 a 39 anios",2017,"covid","pearson",NA,NA,12
"02.de 20 a 39 anios",2017,"covid","spearman",NA,NA,12
"02.de 20 a 39 anios",2017,"resp","pearson",0.361716888882053,0.247952160846455,12
"02.de 20 a 39 anios",2017,"resp","spearman",0.284212275858114,0.370632257771717,12
"02.de 20 a 39 anios",2017,"circ","pearson",0.515627664949556,0.0861877307697368,12
"02.de 20 a 39 anios",2017,"circ","spearman",0.335664335664336,0.286690914249746,12
"02.de 20 a 39 anios",2017,"diabetes","pearson",0.715576553013675,0.0088780110532946,12
"02.de 20 a 39 anios",2017,"diabetes","spearman",0.582667704254385,0.0467946515761142,12
"02.de 20 a 39 anios",2017,"alzheimer","pearson",0.502094197939584,0.0962330481616532,12
"02.de 20 a 39 anios",2017,"alzheimer","spearman",0.473870472337351,0.119641798501222,12
"02.de 20 a 39 anios",2017,"metabolic","pearson",0.102554215524768,0.751126309660128,12
"02.de 20 a 39 anios",2017,"metabolic","spearman",0.322090688214855,0.3072546779575,12
"02.de 20 a 39 anios",2017,"anemia","pearson",0.375598107349708,0.228907835691489,12
"02.de 20 a 39 anios",2017,"anemia","spearman",0.0444353023185749,0.890934875207274,12
"02.de 20 a 39 anios",2018,"covid","pearson",NA,NA,12
"02.de 20 a 39 anios",2018,"covid","spearman",NA,NA,12
"02.de 20 a 39 anios",2018,"resp","pearson",0.279098974474708,0.379673251389224,12
"02.de 20 a 39 anios",2018,"resp","spearman",0.147369328222726,0.647631866294575,12
"02.de 20 a 39 anios",2018,"circ","pearson",0.415342904125764,0.17936693492446,12
"02.de 20 a 39 anios",2018,"circ","spearman",0.571933345245341,0.0520151424339902,12
"02.de 20 a 39 anios",2018,"diabetes","pearson",-0.221319304206288,0.489386229049109,12
"02.de 20 a 39 anios",2018,"diabetes","spearman",-0.294738656445452,0.352378999454474,12
"02.de 20 a 39 anios",2018,"alzheimer","pearson",-0.186308404984013,0.562074222796337,12
"02.de 20 a 39 anios",2018,"alzheimer","spearman",-0.250872603002127,0.431578745848418,12
"02.de 20 a 39 anios",2018,"metabolic","pearson",0.0101149988235827,0.975111015528683,12
"02.de 20 a 39 anios",2018,"metabolic","spearman",0.1986608438622,0.535937567604743,12
"02.de 20 a 39 anios",2018,"anemia","pearson",-0.0788150761771089,0.807638518954494,12
"02.de 20 a 39 anios",2018,"anemia","spearman",-0.0809897039180135,0.802422268142534,12
"02.de 20 a 39 anios",2019,"covid","pearson",NA,NA,12
"02.de 20 a 39 anios",2019,"covid","spearman",NA,NA,12
"02.de 20 a 39 anios",2019,"resp","pearson",0.494125790306077,0.102500530258314,12
"02.de 20 a 39 anios",2019,"resp","spearman",0.384615384615385,0.218387426912988,12
"02.de 20 a 39 anios",2019,"circ","pearson",0.336450764445716,0.284924556534384,12
"02.de 20 a 39 anios",2019,"circ","spearman",0.394375976514239,0.204581906657955,12
"02.de 20 a 39 anios",2019,"diabetes","pearson",0.522406905902077,0.0814337060870539,12
"02.de 20 a 39 anios",2019,"diabetes","spearman",0.380748501930328,0.222071334780135,12
"02.de 20 a 39 anios",2019,"alzheimer","pearson",0.0686943381263667,0.832006678373013,12
"02.de 20 a 39 anios",2019,"alzheimer","spearman",0,1,12
"02.de 20 a 39 anios",2019,"metabolic","pearson",0.418536431453458,0.175705670397074,12
"02.de 20 a 39 anios",2019,"metabolic","spearman",0.486742025288499,0.108546149344579,12
"02.de 20 a 39 anios",2019,"anemia","pearson",0.367754730291868,0.23955768368395,12
"02.de 20 a 39 anios",2019,"anemia","spearman",0.186666724080508,0.56130883757801,12
"02.de 20 a 39 anios",2020,"covid","pearson",0.896175192784108,7.96314195551494e-05,12
"02.de 20 a 39 anios",2020,"covid","spearman",0.746060688780339,0.00532943475257012,12
"02.de 20 a 39 anios",2020,"resp","pearson",0.230323612189612,0.471413420771211,12
"02.de 20 a 39 anios",2020,"resp","spearman",0.309318886291622,0.327906186358772,12
"02.de 20 a 39 anios",2020,"circ","pearson",0.247930919459999,0.437178053755437,12
"02.de 20 a 39 anios",2020,"circ","spearman",0.0979020979020979,0.766288456385056,12
"02.de 20 a 39 anios",2020,"diabetes","pearson",0.490704202377858,0.105273364422374,12
"02.de 20 a 39 anios",2020,"diabetes","spearman",0.359802349743882,0.250649572495703,12
"02.de 20 a 39 anios",2020,"alzheimer","pearson",0.160560832862074,0.618140377465399,12
"02.de 20 a 39 anios",2020,"alzheimer","spearman",0.370914139302243,0.23523313348604,12
"02.de 20 a 39 anios",2020,"metabolic","pearson",-0.0888981664723552,0.783516082170337,12
"02.de 20 a 39 anios",2020,"metabolic","spearman",-0.0678727276706314,0.833991162671784,12
"02.de 20 a 39 anios",2020,"anemia","pearson",0.765892560489141,0.00368053508118042,12
"02.de 20 a 39 anios",2020,"anemia","spearman",0.829754978808179,0.000839932767365246,12
"02.de 20 a 39 anios",2021,"covid","pearson",0.977856687766184,4.03987274165686e-08,12
"02.de 20 a 39 anios",2021,"covid","spearman",0.811188811188811,0.00236893039782362,12
"02.de 20 a 39 anios",2021,"resp","pearson",0.821889343539201,0.0010380735840445,12
"02.de 20 a 39 anios",2021,"resp","spearman",0.80910807093079,0.00143474036993647,12
"02.de 20 a 39 anios",2021,"circ","pearson",0.691787286134949,0.0126874427904304,12
"02.de 20 a 39 anios",2021,"circ","spearman",0.851139659031091,0.000445901287358501,12
"02.de 20 a 39 anios",2021,"diabetes","pearson",0.519364278025726,0.0835447380130616,12
"02.de 20 a 39 anios",2021,"diabetes","spearman",0.51579264877954,0.086069854045518,12
"02.de 20 a 39 anios",2021,"alzheimer","pearson",0.0253168431739588,0.937750044216432,12
"02.de 20 a 39 anios",2021,"alzheimer","spearman",0.131013944022344,0.684848714427376,12
"02.de 20 a 39 anios",2021,"metabolic","pearson",0.582579447256535,0.0468360012337554,12
"02.de 20 a 39 anios",2021,"metabolic","spearman",0.631023014832953,0.0277825694930669,12
"02.de 20 a 39 anios",2021,"anemia","pearson",0.591305776325405,0.0428708948263553,12
"02.de 20 a 39 anios",2021,"anemia","spearman",0.524620606963621,0.0799208145928616,12
"02.de 20 a 39 anios",2022,"covid","pearson",0.807295778329605,0.00149926235364459,12
"02.de 20 a 39 anios",2022,"covid","spearman",0.0560421174670677,0.862659762625281,12
"02.de 20 a 39 anios",2022,"resp","pearson",0.27418170815501,0.388473882213405,12
"02.de 20 a 39 anios",2022,"resp","spearman",0.301226381385489,0.341372294714219,12
"02.de 20 a 39 anios",2022,"circ","pearson",0.035996449720248,0.911567853362301,12
"02.de 20 a 39 anios",2022,"circ","spearman",-0.203510024688526,0.52582029922024,12
"02.de 20 a 39 anios",2022,"diabetes","pearson",0.672129826337449,0.0166526385620167,12
"02.de 20 a 39 anios",2022,"diabetes","spearman",-0.0678727276706314,0.833991162671784,12
"02.de 20 a 39 anios",2022,"alzheimer","pearson",0.0315347981097767,0.922497639330797,12
"02.de 20 a 39 anios",2022,"alzheimer","spearman",0.259100110252518,0.41610570500181,12
"02.de 20 a 39 anios",2022,"metabolic","pearson",-0.11992057297867,0.710468973425733,12
"02.de 20 a 39 anios",2022,"metabolic","spearman",0.01069724373481,0.973678767899533,12
"02.de 20 a 39 anios",2022,"anemia","pearson",-0.0795418375765114,0.805894435282205,12
"02.de 20 a 39 anios",2022,"anemia","spearman",-0.050011483546781,0.877334380814968,12
"02.de 20 a 39 anios",2023,"covid","pearson",-0.214470929914588,0.503259619929343,12
"02.de 20 a 39 anios",2023,"covid","spearman",-0.416457980801338,0.17808317518886,12
"02.de 20 a 39 anios",2023,"resp","pearson",-0.482490778254818,0.112132057764716,12
"02.de 20 a 39 anios",2023,"resp","spearman",-0.406305351636241,0.189984522415267,12
"02.de 20 a 39 anios",2023,"circ","pearson",0.1495073356287,0.642818993990181,12
"02.de 20 a 39 anios",2023,"circ","spearman",0.104895104895105,0.749479042672183,12
"02.de 20 a 39 anios",2023,"diabetes","pearson",0.245779890521573,0.441294516843426,12
"02.de 20 a 39 anios",2023,"diabetes","spearman",0.249124340566989,0.434902228747323,12
"02.de 20 a 39 anios",2023,"alzheimer","pearson",-0.0607721742368713,0.851177501395481,12
"02.de 20 a 39 anios",2023,"alzheimer","spearman",-0.0368268860757697,0.9095350182965,12
"02.de 20 a 39 anios",2023,"metabolic","pearson",-0.101792831603734,0.752923002082031,12
"02.de 20 a 39 anios",2023,"metabolic","spearman",-0.0709291215421342,0.826613457894019,12
"02.de 20 a 39 anios",2023,"anemia","pearson",0.240120923180968,0.452212620774264,12
"02.de 20 a 39 anios",2023,"anemia","spearman",0.228841399949071,0.474350705189814,12
"02.de 20 a 39 anios",2024,"covid","pearson",0.49196861616676,0.104242942288708,12
"02.de 20 a 39 anios",2024,"covid","spearman",0.500952111584563,0.0971151279628892,12
"02.de 20 a 39 anios",2024,"resp","pearson",0.157380211926835,0.625205922363579,12
"02.de 20 a 39 anios",2024,"resp","spearman",0.111888111888112,0.732775446034506,12
"02.de 20 a 39 anios",2024,"circ","pearson",0.377139965160853,0.226848177462412,12
"02.de 20 a 39 anios",2024,"circ","spearman",0.213660572843196,0.50491268758604,12
"02.de 20 a 39 anios",2024,"diabetes","pearson",0.0483821854974218,0.881305300510742,12
"02.de 20 a 39 anios",2024,"diabetes","spearman",-0.0496503850794939,0.878214227944018,12
"02.de 20 a 39 anios",2024,"alzheimer","pearson",0.105781443651199,0.743523470511202,12
"02.de 20 a 39 anios",2024,"alzheimer","spearman",0.218356573370573,0.495366759516297,12
"02.de 20 a 39 anios",2024,"metabolic","pearson",0.00474290938289353,0.988328346518689,12
"02.de 20 a 39 anios",2024,"metabolic","spearman",-0.0213944874696201,0.947381622792988,12
"02.de 20 a 39 anios",2024,"anemia","pearson",0.055048555592751,0.865074819642193,12
"02.de 20 a 39 anios",2024,"anemia","spearman",0.047221241259332,0.884136286705117,12
"03.de 40 a 49 anios",2015,"covid","pearson",NA,NA,12
"03.de 40 a 49 anios",2015,"covid","spearman",NA,NA,12
"03.de 40 a 49 anios",2015,"resp","pearson",0.0221588088896608,0.945504241325181,12
"03.de 40 a 49 anios",2015,"resp","spearman",-0.0925413414007367,0.77484202046276,12
"03.de 40 a 49 anios",2015,"circ","pearson",-0.0709895835589846,0.826467638923539,12
"03.de 40 a 49 anios",2015,"circ","spearman",-0.094737425286038,0.769624675980411,12
"03.de 40 a 49 anios",2015,"diabetes","pearson",0.114206813963206,0.723774968553192,12
"03.de 40 a 49 anios",2015,"diabetes","spearman",0.125028708866952,0.698635713690499,12
"03.de 40 a 49 anios",2015,"alzheimer","pearson",-0.159971064934113,0.619448290705888,12
"03.de 40 a 49 anios",2015,"alzheimer","spearman",-0.305699202718803,0.33389313645066,12
"03.de 40 a 49 anios",2015,"metabolic","pearson",-0.134295503652241,0.677326638711729,12
"03.de 40 a 49 anios",2015,"metabolic","spearman",-0.169134794192616,0.599242534147852,12
"03.de 40 a 49 anios",2015,"anemia","pearson",0.0838358440315863,0.795606468744721,12
"03.de 40 a 49 anios",2015,"anemia","spearman",-0.0549019776707378,0.865431197697602,12
"03.de 40 a 49 anios",2016,"covid","pearson",NA,NA,12
"03.de 40 a 49 anios",2016,"covid","spearman",NA,NA,12
"03.de 40 a 49 anios",2016,"resp","pearson",0.752772266099484,0.00471932561438915,12
"03.de 40 a 49 anios",2016,"resp","spearman",0.62697118916282,0.0291128808659877,12
"03.de 40 a 49 anios",2016,"circ","pearson",0.675491739726377,0.0159174429496809,12
"03.de 40 a 49 anios",2016,"circ","spearman",0.472855366128384,0.120547316089846,12
"03.de 40 a 49 anios",2016,"diabetes","pearson",0.792172067452565,0.00212863375856452,12
"03.de 40 a 49 anios",2016,"diabetes","spearman",0.810651212588483,0.00138150134275109,12
"03.de 40 a 49 anios",2016,"alzheimer","pearson",-0.237448712587188,0.457412387130758,12
"03.de 40 a 49 anios",2016,"alzheimer","spearman",-0.25955427380922,0.415259700302115,12
"03.de 40 a 49 anios",2016,"metabolic","pearson",0.0374150245304953,0.908095607722098,12
"03.de 40 a 49 anios",2016,"metabolic","spearman",0.0684903389908951,0.832499325952737,12
"03.de 40 a 49 anios",2016,"anemia","pearson",0.211644848413643,0.509035014374888,12
"03.de 40 a 49 anios",2016,"anemia","spearman",0.233028802347425,0.466074407731907,12
"03.de 40 a 49 anios",2017,"covid","pearson",NA,NA,12
"03.de 40 a 49 anios",2017,"covid","spearman",NA,NA,12
"03.de 40 a 49 anios",2017,"resp","pearson",0.270560213165656,0.395021487572415,12
"03.de 40 a 49 anios",2017,"resp","spearman",0.333335385265689,0.289688459572044,12
"03.de 40 a 49 anios",2017,"circ","pearson",0.132692834674731,0.680996986318306,12
"03.de 40 a 49 anios",2017,"circ","spearman",-0.034965034965035,0.921184082791962,12
"03.de 40 a 49 anios",2017,"diabetes","pearson",0.449971530264173,0.142164733431451,12
"03.de 40 a 49 anios",2017,"diabetes","spearman",0.362685049830059,0.246594634429128,12
"03.de 40 a 49 anios",2017,"alzheimer","pearson",NA,NA,12
"03.de 40 a 49 anios",2017,"alzheimer","spearman",NA,NA,12
"03.de 40 a 49 anios",2017,"metabolic","pearson",0.307671487310993,0.330623680172527,12
"03.de 40 a 49 anios",2017,"metabolic","spearman",0.0730628036493575,0.821470633216588,12
"03.de 40 a 49 anios",2017,"anemia","pearson",0.0271604339360546,0.933225568964942,12
"03.de 40 a 49 anios",2017,"anemia","spearman",0.122352829841467,0.704827028738562,12
"03.de 40 a 49 anios",2018,"covid","pearson",NA,NA,12
"03.de 40 a 49 anios",2018,"covid","spearman",NA,NA,12
"03.de 40 a 49 anios",2018,"resp","pearson",0.266234699585951,0.40291479433461,12
"03.de 40 a 49 anios",2018,"resp","spearman",0.293706293706294,0.354332534211376,12
"03.de 40 a 49 anios",2018,"circ","pearson",-0.0862716765687425,0.789783633313576,12
"03.de 40 a 49 anios",2018,"circ","spearman",-0.16112108771782,0.616898856154857,12
"03.de 40 a 49 anios",2018,"diabetes","pearson",0.0636484291956175,0.844208177362214,12
"03.de 40 a 49 anios",2018,"diabetes","spearman",0.155485768402848,0.629428153779473,12
"03.de 40 a 49 anios",2018,"alzheimer","pearson",0.190992271870071,0.552102934454889,12
"03.de 40 a 49 anios",2018,"alzheimer","spearman",0.194325082689389,0.545052702926967,12
"03.de 40 a 49 anios",2018,"metabolic","pearson",-0.293961859729999,0.353709367883776,12
"03.de 40 a 49 anios",2018,"metabolic","spearman",-0.142472467116247,0.658701732729494,12
"03.de 40 a 49 anios",2018,"anemia","pearson",-0.509637543910456,0.090541886148902,12
"03.de 40 a 49 anios",2018,"anemia","spearman",-0.354639763315421,0.258008530077449,12
"03.de 40 a 49 anios",2019,"covid","pearson",NA,NA,12
"03.de 40 a 49 anios",2019,"covid","spearman",NA,NA,12
"03.de 40 a 49 anios",2019,"resp","pearson",0.661357045299987,0.0191768937403271,12
"03.de 40 a 49 anios",2019,"resp","spearman",0.321678321678322,0.308312360549134,12
"03.de 40 a 49 anios",2019,"circ","pearson",0.335413447610195,0.286505802581225,12
"03.de 40 a 49 anios",2019,"circ","spearman",0.321678321678322,0.308312360549134,12
"03.de 40 a 49 anios",2019,"diabetes","pearson",0.60345699484657,0.0377539858037407,12
"03.de 40 a 49 anios",2019,"diabetes","spearman",0.431119630571534,0.161737443129847,12
"03.de 40 a 49 anios",2019,"alzheimer","pearson",-0.268668537306881,0.398463743860065,12
"03.de 40 a 49 anios",2019,"alzheimer","spearman",-0.305699202718803,0.33389313645066,12
"03.de 40 a 49 anios",2019,"metabolic","pearson",0.131185609793652,0.684454558927172,12
"03.de 40 a 49 anios",2019,"metabolic","spearman",-0.0571559811963211,0.859953570847056,12
"03.de 40 a 49 anios",2019,"anemia","pearson",0.152018579565149,0.637181995829609,12
"03.de 40 a 49 anios",2019,"anemia","spearman",0.24732114328285,0.438343101589887,12
"03.de 40 a 49 anios",2020,"covid","pearson",0.961456379577017,6.27924910524376e-07,12
"03.de 40 a 49 anios",2020,"covid","spearman",0.767076482830489,0.00359617644538398,12
"03.de 40 a 49 anios",2020,"resp","pearson",0.659261522643314,0.0196986741161584,12
"03.de 40 a 49 anios",2020,"resp","spearman",0.622377622377623,0.0348001228553438,12
"03.de 40 a 49 anios",2020,"circ","pearson",0.597288989160168,0.0402936134009658,12
"03.de 40 a 49 anios",2020,"circ","spearman",0.560421174670677,0.0580535496581408,12
"03.de 40 a 49 anios",2020,"diabetes","pearson",0.828466448028873,0.000870203579969811,12
"03.de 40 a 49 anios",2020,"diabetes","spearman",0.774081747513873,0.00312665637392049,12
"03.de 40 a 49 anios",2020,"alzheimer","pearson",-0.104010888406914,0.747692060426925,12
"03.de 40 a 49 anios",2020,"alzheimer","spearman",0.0244826591570564,0.939797832095079,12
"03.de 40 a 49 anios",2020,"metabolic","pearson",-0.0574443037185838,0.859253299963035,12
"03.de 40 a 49 anios",2020,"metabolic","spearman",-0.014315141698438,0.964780954767383,12
"03.de 40 a 49 anios",2020,"anemia","pearson",-0.0789388847501989,0.807341345816112,12
"03.de 40 a 49 anios",2020,"anemia","spearman",-0.0571559811963211,0.859953570847056,12
"03.de 40 a 49 anios",2021,"covid","pearson",0.997472418800623,8.08994815805596e-13,12
"03.de 40 a 49 anios",2021,"covid","spearman",0.937062937062937,0,12
"03.de 40 a 49 anios",2021,"resp","pearson",0.949811454543342,2.30459580674157e-06,12
"03.de 40 a 49 anios",2021,"resp","spearman",0.847637026689399,0.00049779737943605,12
"03.de 40 a 49 anios",2021,"circ","pearson",0.804145217159869,0.00161670881089673,12
"03.de 40 a 49 anios",2021,"circ","spearman",0.798600173905715,0.00184042485548765,12
"03.de 40 a 49 anios",2021,"diabetes","pearson",0.701178775765149,0.0110623416218589,12
"03.de 40 a 49 anios",2021,"diabetes","spearman",0.633976453846203,0.0268409444196137,12
"03.de 40 a 49 anios",2021,"alzheimer","pearson",NA,NA,12
"03.de 40 a 49 anios",2021,"alzheimer","spearman",NA,NA,12
"03.de 40 a 49 anios",2021,"metabolic","pearson",-0.089881071206478,0.781173605929194,12
"03.de 40 a 49 anios",2021,"metabolic","spearman",-0.110739713567872,0.731883635881289,12
"03.de 40 a 49 anios",2021,"anemia","pearson",0.0929332256172076,0.773910368643583,12
"03.de 40 a 49 anios",2021,"anemia","spearman",-0.042945425095314,0.894573452202885,12
"03.de 40 a 49 anios",2022,"covid","pearson",0.881077556577922,0.000152928576507236,12
"03.de 40 a 49 anios",2022,"covid","spearman",0.174825174825175,0.588259894923335,12
"03.de 40 a 49 anios",2022,"resp","pearson",0.325171948365799,0.302383538183326,12
"03.de 40 a 49 anios",2022,"resp","spearman",0.199650043476429,0.533867048433135,12
"03.de 40 a 49 anios",2022,"circ","pearson",0.389040801459552,0.21132547825163,12
"03.de 40 a 49 anios",2022,"circ","spearman",0.140105293667669,0.664075769442981,12
"03.de 40 a 49 anios",2022,"diabetes","pearson",0.829870863098179,0.000837250770148779,12
"03.de 40 a 49 anios",2022,"diabetes","spearman",0.654945818139719,0.0208058566785112,12
"03.de 40 a 49 anios",2022,"alzheimer","pearson",-0.31670839898464,0.315867399202174,12
"03.de 40 a 49 anios",2022,"alzheimer","spearman",-0.307254933899514,0.3313127457838,12
"03.de 40 a 49 anios",2022,"metabolic","pearson",0.606429339345362,0.036571811161549,12
"03.de 40 a 49 anios",2022,"metabolic","spearman",0.163136979546909,0.612439283185475,12
"03.de 40 a 49 anios",2022,"anemia","pearson",-0.301656817207964,0.3406486613262,12
"03.de 40 a 49 anios",2022,"anemia","spearman",-0.385970875123235,0.215266199590512,12
"03.de 40 a 49 anios",2023,"covid","pearson",0.382100961487417,0.220296720408184,12
"03.de 40 a 49 anios",2023,"covid","spearman",0.482406328414739,0.112204074270652,12
"03.de 40 a 49 anios",2023,"resp","pearson",0.477795172867792,0.11618290462628,12
"03.de 40 a 49 anios",2023,"resp","spearman",0.441331675053158,0.150934728875414,12
"03.de 40 a 49 anios",2023,"circ","pearson",0.402724019469037,0.19429708026844,12
"03.de 40 a 49 anios",2023,"circ","spearman",0.0560421174670677,0.862659762625281,12
"03.de 40 a 49 anios",2023,"diabetes","pearson",0.0194476864891324,0.952164585586342,12
"03.de 40 a 49 anios",2023,"diabetes","spearman",0.0846593764103251,0.79363673599573,12
"03.de 40 a 49 anios",2023,"alzheimer","pearson",-0.727296777079623,0.00735211474997469,12
"03.de 40 a 49 anios",2023,"alzheimer","spearman",-0.480384461415261,0.11393741215192,12
"03.de 40 a 49 anios",2023,"metabolic","pearson",0.037614084142036,0.907608486326133,12
"03.de 40 a 49 anios",2023,"metabolic","spearman",0.0544860476069216,0.866442582513113,12
"03.de 40 a 49 anios",2023,"anemia","pearson",-0.124754706502647,0.699268919575043,12
"03.de 40 a 49 anios",2023,"anemia","spearman",-0.132415060710552,0.681633778325001,12
"03.de 40 a 49 anios",2024,"covid","pearson",0.451557432209501,0.140591477870195,12
"03.de 40 a 49 anios",2024,"covid","spearman",0.600968311280147,0.0387645365979166,12
"03.de 40 a 49 anios",2024,"resp","pearson",0.587720419391122,0.0444700584584931,12
"03.de 40 a 49 anios",2024,"resp","spearman",0.500876424861918,0.0971737747799287,12
"03.de 40 a 49 anios",2024,"circ","pearson",0.640929717786829,0.0247154584482256,12
"03.de 40 a 49 anios",2024,"circ","spearman",0.514886954228684,0.0867182974439261,12
"03.de 40 a 49 anios",2024,"diabetes","pearson",0.519710070563863,0.0833029689586777,12
"03.de 40 a 49 anios",2024,"diabetes","spearman",0.516703139600778,0.0854212962762409,12
"03.de 40 a 49 anios",2024,"alzheimer","pearson",NA,NA,12
"03.de 40 a 49 anios",2024,"alzheimer","spearman",NA,NA,12
"03.de 40 a 49 anios",2024,"metabolic","pearson",0.693411400460026,0.0123945178550166,12
"03.de 40 a 49 anios",2024,"metabolic","spearman",0.73321216648276,0.00666123191063095,12
"03.de 40 a 49 anios",2024,"anemia","pearson",-0.165849673145173,0.606457259572084,12
"03.de 40 a 49 anios",2024,"anemia","spearman",-0.232913678261945,0.466301041779284,12
"04.de 50 a 59 anios",2015,"covid","pearson",NA,NA,12
"04.de 50 a 59 anios",2015,"covid","spearman",NA,NA,12
"04.de 50 a 59 anios",2015,"resp","pearson",-0.12956006074907,0.688189807864799,12
"04.de 50 a 59 anios",2015,"resp","spearman",-0.0945710732256767,0.77001958268201,12
"04.de 50 a 59 anios",2015,"circ","pearson",0.108217618021273,0.737798086237354,12
"04.de 50 a 59 anios",2015,"circ","spearman",-0.00700526468338346,0.982761609403465,12
"04.de 50 a 59 anios",2015,"diabetes","pearson",-0.111176405970547,0.730860918004604,12
"04.de 50 a 59 anios",2015,"diabetes","spearman",0.0421055223493502,0.896625488790023,12
"04.de 50 a 59 anios",2015,"alzheimer","pearson",0.28443892446913,0.370234135815407,12
"04.de 50 a 59 anios",2015,"alzheimer","spearman",0.204836622599676,0.523066896890598,12
"04.de 50 a 59 anios",2015,"metabolic","pearson",-0.404155872729066,0.192565705166558,12
"04.de 50 a 59 anios",2015,"metabolic","spearman",-0.264346413032985,0.406385291840373,12
"04.de 50 a 59 anios",2015,"anemia","pearson",0.308475852074094,0.32929530170351,12
"04.de 50 a 59 anios",2015,"anemia","spearman",0.306098283094744,0.333230171931573,12
"04.de 50 a 59 anios",2016,"covid","pearson",NA,NA,12
"04.de 50 a 59 anios",2016,"covid","spearman",NA,NA,12
"04.de 50 a 59 anios",2016,"resp","pearson",0.683785941360877,0.0142059502762717,12
"04.de 50 a 59 anios",2016,"resp","spearman",0.335664335664336,0.286690914249746,12
"04.de 50 a 59 anios",2016,"circ","pearson",0.61774145205191,0.0323136915939295,12
"04.de 50 a 59 anios",2016,"circ","spearman",0.356643356643357,0.256012537309024,12
"04.de 50 a 59 anios",2016,"diabetes","pearson",0.800753595205737,0.00175089869467628,12
"04.de 50 a 59 anios",2016,"diabetes","spearman",0.526319029366878,0.0787731449970128,12
"04.de 50 a 59 anios",2016,"alzheimer","pearson",-0.172799436960577,0.591233199957479,12
"04.de 50 a 59 anios",2016,"alzheimer","spearman",0.0114269339444796,0.971883925024844,12
"04.de 50 a 59 anios",2016,"metabolic","pearson",0.336813256046921,0.284373160037274,12
"04.de 50 a 59 anios",2016,"metabolic","spearman",0.21317111131258,0.505912315894097,12
"04.de 50 a 59 anios",2016,"anemia","pearson",0.513037082821986,0.0880529974260001,12
"04.de 50 a 59 anios",2016,"anemia","spearman",0.458084534350016,0.134234947313399,12
"04.de 50 a 59 anios",2017,"covid","pearson",NA,NA,12
"04.de 50 a 59 anios",2017,"covid","spearman",NA,NA,12
"04.de 50 a 59 anios",2017,"resp","pearson",-0.0428509825559452,0.894804163277297,12
"04.de 50 a 59 anios",2017,"resp","spearman",-0.104895104895105,0.749479042672183,12
"04.de 50 a 59 anios",2017,"circ","pearson",0.0771442767153063,0.811651145920873,12
"04.de 50 a 59 anios",2017,"circ","spearman",0.104895104895105,0.749479042672183,12
"04.de 50 a 59 anios",2017,"diabetes","pearson",-0.148506473452184,0.645070480933286,12
"04.de 50 a 59 anios",2017,"diabetes","spearman",-0.214414227997602,0.503375209329495,12
"04.de 50 a 59 anios",2017,"alzheimer","pearson",-0.354211645001698,0.258624373143079,12
"04.de 50 a 59 anios",2017,"alzheimer","spearman",-0.538593208858132,0.0708119808557965,12
"04.de 50 a 59 anios",2017,"metabolic","pearson",-0.318346796266154,0.313231681326868,12
"04.de 50 a 59 anios",2017,"metabolic","spearman",-0.197890977967261,0.537551341343965,12
"04.de 50 a 59 anios",2017,"anemia","pearson",0.518243777150459,0.08433143589389,12
"04.de 50 a 59 anios",2017,"anemia","spearman",0.403570797600421,0.193272014413081,12
"04.de 50 a 59 anios",2018,"covid","pearson",NA,NA,12
"04.de 50 a 59 anios",2018,"covid","spearman",NA,NA,12
"04.de 50 a 59 anios",2018,"resp","pearson",0.349703459994624,0.265161212983725,12
"04.de 50 a 59 anios",2018,"resp","spearman",0.360771131194248,0.24928250596238,12
"04.de 50 a 59 anios",2018,"circ","pearson",-0.048820102595645,0.880237760239118,12
"04.de 50 a 59 anios",2018,"circ","spearman",-0.0629370629370629,0.851681911253293,12
"04.de 50 a 59 anios",2018,"diabetes","pearson",0.621333942259476,0.0310392637486167,12
"04.de 50 a 59 anios",2018,"diabetes","spearman",0.47368712643019,0.119805018884071,12
"04.de 50 a 59 anios",2018,"alzheimer","pearson",-0.243389307870064,0.445891202785428,12
"04.de 50 a 59 anios",2018,"alzheimer","spearman",-0.174927708859906,0.586600813992469,12
"04.de 50 a 59 anios",2018,"metabolic","pearson",0.624480007788256,0.0299532297569506,12
"04.de 50 a 59 anios",2018,"metabolic","spearman",0.441811940919155,0.150438368862446,12
"04.de 50 a 59 anios",2018,"anemia","pearson",-0.0459661337676631,0.887198291148639,12
"04.de 50 a 59 anios",2018,"anemia","spearman",0.0341394370999459,0.916115401610521,12
"04.de 50 a 59 anios",2019,"covid","pearson",NA,NA,12
"04.de 50 a 59 anios",2019,"covid","spearman",NA,NA,12
"04.de 50 a 59 anios",2019,"resp","pearson",0.336705269322594,0.284537358290723,12
"04.de 50 a 59 anios",2019,"resp","spearman",0.342657342657343,0.276230512588156,12
"04.de 50 a 59 anios",2019,"circ","pearson",0.449365622879491,0.142768791945954,12
"04.de 50 a 59 anios",2019,"circ","spearman",0.405594405594406,0.192612183946047,12
"04.de 50 a 59 anios",2019,"diabetes","pearson",-0.0514214141610267,0.873900193435966,12
"04.de 50 a 59 anios",2019,"diabetes","spearman",0.00699300699300699,0.991230036057101,12
"04.de 50 a 59 anios",2019,"alzheimer","pearson",0.428787473902976,0.164271330769768,12
"04.de 50 a 59 anios",2019,"alzheimer","spearman",0.510678887445117,0.0897745105996275,12
"04.de 50 a 59 anios",2019,"metabolic","pearson",-0.102431860197378,0.751414964067293,12
"04.de 50 a 59 anios",2019,"metabolic","spearman",-0.107958379271883,0.738406761326968,12
"04.de 50 a 59 anios",2019,"anemia","pearson",0.0549075890826165,0.865417554127141,12
"04.de 50 a 59 anios",2019,"anemia","spearman",0,1,12
"04.de 50 a 59 anios",2020,"covid","pearson",0.966891609966432,2.96363001627061e-07,12
"04.de 50 a 59 anios",2020,"covid","spearman",0.760071218147106,0.00411738035568086,12
"04.de 50 a 59 anios",2020,"resp","pearson",0.866071587027505,0.000269852070045138,12
"04.de 50 a 59 anios",2020,"resp","spearman",0.826621232639249,0.000915011267983693,12
"04.de 50 a 59 anios",2020,"circ","pearson",0.521680082717206,0.0819346524751994,12
"04.de 50 a 59 anios",2020,"circ","spearman",0.573426573426573,0.0554813240816213,12
"04.de 50 a 59 anios",2020,"diabetes","pearson",0.50282418066662,0.0956720791787452,12
"04.de 50 a 59 anios",2020,"diabetes","spearman",0.511384321886993,0.0892571722151938,12
"04.de 50 a 59 anios",2020,"alzheimer","pearson",0.310992011987751,0.325158765104043,12
"04.de 50 a 59 anios",2020,"alzheimer","spearman",0.389054993191739,0.21130736345211,12
"04.de 50 a 59 anios",2020,"metabolic","pearson",-0.243566054989832,0.445550565733814,12
"04.de 50 a 59 anios",2020,"metabolic","spearman",-0.334813412501546,0.287422740923071,12
"04.de 50 a 59 anios",2020,"anemia","pearson",-0.20279095543198,0.527315351212477,12
"04.de 50 a 59 anios",2020,"anemia","spearman",-0.237508434398142,0.457295869267725,12
"04.de 50 a 59 anios",2021,"covid","pearson",0.998697824439097,2.94208681668991e-14,12
"04.de 50 a 59 anios",2021,"covid","spearman",0.993006993006993,0,12
"04.de 50 a 59 anios",2021,"resp","pearson",0.942489473925852,4.49674136789265e-06,12
"04.de 50 a 59 anios",2021,"resp","spearman",0.979020979020979,0,12
"04.de 50 a 59 anios",2021,"circ","pearson",0.759896300912075,0.00413108697717555,12
"04.de 50 a 59 anios",2021,"circ","spearman",0.741258741258741,0.0081706398158992,12
"04.de 50 a 59 anios",2021,"diabetes","pearson",0.731337166252783,0.00687470017309458,12
"04.de 50 a 59 anios",2021,"diabetes","spearman",0.610530074065578,0.0349845386935434,12
"04.de 50 a 59 anios",2021,"alzheimer","pearson",0.516039082243246,0.0858939871613117,12
"04.de 50 a 59 anios",2021,"alzheimer","spearman",0.433629090391994,0.159038738045753,12
"04.de 50 a 59 anios",2021,"metabolic","pearson",0.509547770401562,0.0906082475798279,12
"04.de 50 a 59 anios",2021,"metabolic","spearman",0.570519665856535,0.0527318124560226,12
"04.de 50 a 59 anios",2021,"anemia","pearson",-0.480596826097783,0.113754526747843,12
"04.de 50 a 59 anios",2021,"anemia","spearman",-0.341236864937559,0.277693237978533,12
"04.de 50 a 59 anios",2022,"covid","pearson",0.947319010423123,2.92416107834293e-06,12
"04.de 50 a 59 anios",2022,"covid","spearman",0.378284292902707,0.225326753392867,12
"04.de 50 a 59 anios",2022,"resp","pearson",0.611830145108527,0.0344917747328899,12
"04.de 50 a 59 anios",2022,"resp","spearman",0.258741258741259,0.416938426539878,12
"04.de 50 a 59 anios",2022,"circ","pearson",0.126131103441578,0.696089919262504,12
"04.de 50 a 59 anios",2022,"circ","spearman",-0.175131617084587,0.586157732126183,12
"04.de 50 a 59 anios",2022,"diabetes","pearson",0.173486626563734,0.589735921655049,12
"04.de 50 a 59 anios",2022,"diabetes","spearman",-0.16901827564896,0.599497869823576,12
"04.de 50 a 59 anios",2022,"alzheimer","pearson",0.416540433206417,0.177988478442402,12
"04.de 50 a 59 anios",2022,"alzheimer","spearman",0.0836242010007091,0.796112856034076,12
"04.de 50 a 59 anios",2022,"metabolic","pearson",-0.303700560490438,0.337224078695615,12
"04.de 50 a 59 anios",2022,"metabolic","spearman",-0.281694085016664,0.375070612745742,12
"04.de 50 a 59 anios",2022,"anemia","pearson",0.406937940612597,0.189228981131057,12
"04.de 50 a 59 anios",2022,"anemia","spearman",0.387961777410781,0.212705541699813,12
"04.de 50 a 59 anios",2023,"covid","pearson",0.354694763650969,0.257929474729746,12
"04.de 50 a 59 anios",2023,"covid","spearman",0.0492098228191217,0.87928786661626,12
"04.de 50 a 59 anios",2023,"resp","pearson",-0.640991170620916,0.0246972361082557,12
"04.de 50 a 59 anios",2023,"resp","spearman",-0.458844836761617,0.133506869463948,12
"04.de 50 a 59 anios",2023,"circ","pearson",-0.619924931338349,0.0315347203767559,12
"04.de 50 a 59 anios",2023,"circ","spearman",-0.609458027454361,0.0353946454668789,12
"04.de 50 a 59 anios",2023,"diabetes","pearson",-0.331950955885412,0.291819831596669,12
"04.de 50 a 59 anios",2023,"diabetes","spearman",-0.25352741347344,0.426555665860928,12
"04.de 50 a 59 anios",2023,"alzheimer","pearson",-0.0340686981530706,0.916288677248952,12
"04.de 50 a 59 anios",2023,"alzheimer","spearman",-0.0482804549585268,0.881553321981362,12
"04.de 50 a 59 anios",2023,"metabolic","pearson",-0.130286622609148,0.686519490086333,12
"04.de 50 a 59 anios",2023,"metabolic","spearman",-0.174685258696459,0.587127815217763,12
"04.de 50 a 59 anios",2023,"anemia","pearson",0.0835420970391262,0.796309321368494,12
"04.de 50 a 59 anios",2023,"anemia","spearman",0,1,12
"04.de 50 a 59 anios",2024,"covid","pearson",0.595646291875069,0.0409899407833187,12
"04.de 50 a 59 anios",2024,"covid","spearman",0.684183929894463,0.0141273986320463,12
"04.de 50 a 59 anios",2024,"resp","pearson",0.0290913796673279,0.92848865663002,12
"04.de 50 a 59 anios",2024,"resp","spearman",-0.0315236910752256,0.92252486452154,12
"04.de 50 a 59 anios",2024,"circ","pearson",0.309291603998182,0.327951090844041,12
"04.de 50 a 59 anios",2024,"circ","spearman",0.0909090909090909,0.783196910294608,12
"04.de 50 a 59 anios",2024,"diabetes","pearson",0.284461535070465,0.370194431180564,12
"04.de 50 a 59 anios",2024,"diabetes","spearman",0.105078970250752,0.745176621912518,12
"04.de 50 a 59 anios",2024,"alzheimer","pearson",-0.123203509353948,0.702856966146466,12
"04.de 50 a 59 anios",2024,"alzheimer","spearman",-0.102418311299838,0.751446929730252,12
"04.de 50 a 59 anios",2024,"metabolic","pearson",0.117173546369165,0.716857136624235,12
"04.de 50 a 59 anios",2024,"metabolic","spearman",0.30205992649596,0.339971717740359,12
"04.de 50 a 59 anios",2024,"anemia","pearson",-0.228982374942521,0.474070973494273,12
"04.de 50 a 59 anios",2024,"anemia","spearman",-0.344828831936901,0.272335843074386,12
"05.de 60 a 69 anios",2015,"covid","pearson",NA,NA,12
"05.de 60 a 69 anios",2015,"covid","spearman",NA,NA,12
"05.de 60 a 69 anios",2015,"resp","pearson",0.0865433793046371,0.789134736412832,12
"05.de 60 a 69 anios",2015,"resp","spearman",0.216783216783217,0.499114747625363,12
"05.de 60 a 69 anios",2015,"circ","pearson",-0.14843606794438,0.64522896477181,12
"05.de 60 a 69 anios",2015,"circ","spearman",-0.104895104895105,0.749479042672183,12
"05.de 60 a 69 anios",2015,"diabetes","pearson",0.0268267845243612,0.934044268732027,12
"05.de 60 a 69 anios",2015,"diabetes","spearman",0.0769230769230769,0.817283290706317,12
"05.de 60 a 69 anios",2015,"alzheimer","pearson",0.407410616671676,0.188665649802992,12
"05.de 60 a 69 anios",2015,"alzheimer","spearman",0.560346851897464,0.0580940484781769,12
"05.de 60 a 69 anios",2015,"metabolic","pearson",0.468598222550318,0.124393844287273,12
"05.de 60 a 69 anios",2015,"metabolic","spearman",0.522810235837765,0.0811566213313913,12
"05.de 60 a 69 anios",2015,"anemia","pearson",-0.00897590350704027,0.97791323516055,12
"05.de 60 a 69 anios",2015,"anemia","spearman",0,1,12
"05.de 60 a 69 anios",2016,"covid","pearson",NA,NA,12
"05.de 60 a 69 anios",2016,"covid","spearman",NA,NA,12
"05.de 60 a 69 anios",2016,"resp","pearson",0.545835562546178,0.0663838138215336,12
"05.de 60 a 69 anios",2016,"resp","spearman",0.00350263234169173,0.991380381721317,12
"05.de 60 a 69 anios",2016,"circ","pearson",0.455092083832431,0.137125571964605,12
"05.de 60 a 69 anios",2016,"circ","spearman",0.188811188811189,0.557827775088338,12
"05.de 60 a 69 anios",2016,"diabetes","pearson",0.461209515622819,0.131258825760786,12
"05.de 60 a 69 anios",2016,"diabetes","spearman",0.157618455376128,0.624675666406758,12
"05.de 60 a 69 anios",2016,"alzheimer","pearson",0.105177728344997,0.744944151780362,12
"05.de 60 a 69 anios",2016,"alzheimer","spearman",-0.143678679973709,0.655969018507607,12
"05.de 60 a 69 anios",2016,"metabolic","pearson",0.335710835643095,0.286051967621456,12
"05.de 60 a 69 anios",2016,"metabolic","spearman",0.115994582359358,0.71960393993745,12
"05.de 60 a 69 anios",2016,"anemia","pearson",0.588362202691719,0.044180756717307,12
"05.de 60 a 69 anios",2016,"anemia","spearman",0.541634491516355,0.0689284498305543,12
"05.de 60 a 69 anios",2017,"covid","pearson",NA,NA,12
"05.de 60 a 69 anios",2017,"covid","spearman",NA,NA,12
"05.de 60 a 69 anios",2017,"resp","pearson",0.30852400457628,0.329215871957426,12
"05.de 60 a 69 anios",2017,"resp","spearman",0.153846153846154,0.635139955377586,12
"05.de 60 a 69 anios",2017,"circ","pearson",0.473670934616891,0.119819440382285,12
"05.de 60 a 69 anios",2017,"circ","spearman",0.241681631576729,0.449188744038428,12
"05.de 60 a 69 anios",2017,"diabetes","pearson",0.259508710103853,0.415344536678932,12
"05.de 60 a 69 anios",2017,"diabetes","spearman",-0.00700526468338346,0.982761609403465,12
"05.de 60 a 69 anios",2017,"alzheimer","pearson",-0.343358678530088,0.274521331376437,12
"05.de 60 a 69 anios",2017,"alzheimer","spearman",-0.397212745272456,0.201050485356278,12
"05.de 60 a 69 anios",2017,"metabolic","pearson",-0.0285502728750164,0.929815867586623,12
"05.de 60 a 69 anios",2017,"metabolic","spearman",-0.185966057042964,0.562805888619425,12
"05.de 60 a 69 anios",2017,"anemia","pearson",0.444373185045343,0.147808942975222,12
"05.de 60 a 69 anios",2017,"anemia","spearman",0.537132654482567,0.07172898791001,12
"05.de 60 a 69 anios",2018,"covid","pearson",NA,NA,12
"05.de 60 a 69 anios",2018,"covid","spearman",NA,NA,12
"05.de 60 a 69 anios",2018,"resp","pearson",0.305281783159829,0.334587330685784,12
"05.de 60 a 69 anios",2018,"resp","spearman",0.027972027972028,0.9386633634935,12
"05.de 60 a 69 anios",2018,"circ","pearson",0.0110241685562704,0.972874605906791,12
"05.de 60 a 69 anios",2018,"circ","spearman",-0.0979020979020979,0.766288456385056,12
"05.de 60 a 69 anios",2018,"diabetes","pearson",0.0581268598813729,0.857595895647987,12
"05.de 60 a 69 anios",2018,"diabetes","spearman",0.013986013986014,0.973693903956088,12
"05.de 60 a 69 anios",2018,"alzheimer","pearson",-0.220484877176169,0.491067278078555,12
"05.de 60 a 69 anios",2018,"alzheimer","spearman",-0.0145571048913716,0.964185994705036,12
"05.de 60 a 69 anios",2018,"metabolic","pearson",-0.193415582605007,0.546972925148783,12
"05.de 60 a 69 anios",2018,"metabolic","spearman",-0.113080558838435,0.726406179093174,12
"05.de 60 a 69 anios",2018,"anemia","pearson",-0.450593276299069,0.14154659960225,12
"05.de 60 a 69 anios",2018,"anemia","spearman",-0.325688713852972,0.301570840669802,12
"05.de 60 a 69 anios",2019,"covid","pearson",NA,NA,12
"05.de 60 a 69 anios",2019,"covid","spearman",NA,NA,12
"05.de 60 a 69 anios",2019,"resp","pearson",0.681039493627359,0.0147568380691628,12
"05.de 60 a 69 anios",2019,"resp","spearman",0.517482517482518,0.0886508785755338,12
"05.de 60 a 69 anios",2019,"circ","pearson",0.619160898948559,0.0318057428322237,12
"05.de 60 a 69 anios",2019,"circ","spearman",0.409807983977933,0.185824490844045,12
"05.de 60 a 69 anios",2019,"diabetes","pearson",0.531317339983586,0.0754610106602799,12
"05.de 60 a 69 anios",2019,"diabetes","spearman",0.402802719294549,0.194201669418058,12
"05.de 60 a 69 anios",2019,"alzheimer","pearson",-0.316102279626435,0.316845563725335,12
"05.de 60 a 69 anios",2019,"alzheimer","spearman",-0.540666421946268,0.0695242063590559,12
"05.de 60 a 69 anios",2019,"metabolic","pearson",0.747092089438934,0.00523201009062074,12
"05.de 60 a 69 anios",2019,"metabolic","spearman",0.643242683992805,0.02403629910961,12
"05.de 60 a 69 anios",2019,"anemia","pearson",-0.391321437216346,0.208426495766842,12
"05.de 60 a 69 anios",2019,"anemia","spearman",-0.25000619939742,0.433224247650864,12
"05.de 60 a 69 anios",2020,"covid","pearson",0.96844380092517,2.33719316557674e-07,12
"05.de 60 a 69 anios",2020,"covid","spearman",0.78809227688064,0.00232867514023746,12
"05.de 60 a 69 anios",2020,"resp","pearson",0.851261040459347,0.000444181501876881,12
"05.de 60 a 69 anios",2020,"resp","spearman",0.797202797202797,0.00316125210939329,12
"05.de 60 a 69 anios",2020,"circ","pearson",0.407081370853484,0.189057932299849,12
"05.de 60 a 69 anios",2020,"circ","spearman",0.454545454545455,0.140413038412287,12
"05.de 60 a 69 anios",2020,"diabetes","pearson",0.663483480293047,0.0186578239207734,12
"05.de 60 a 69 anios",2020,"diabetes","spearman",0.475524475524476,0.121319356446693,12
"05.de 60 a 69 anios",2020,"alzheimer","pearson",0.319174580165047,0.311904652675872,12
"05.de 60 a 69 anios",2020,"alzheimer","spearman",0.493846407874144,0.102725091969274,12
"05.de 60 a 69 anios",2020,"metabolic","pearson",-0.067543778907674,0.834785942038402,12
"05.de 60 a 69 anios",2020,"metabolic","spearman",-0.102296746495809,0.751733751358777,12
"05.de 60 a 69 anios",2020,"anemia","pearson",-0.243274275130051,0.446112967349557,12
"05.de 60 a 69 anios",2020,"anemia","spearman",-0.127134111082817,0.693776140384363,12
"05.de 60 a 69 anios",2021,"covid","pearson",0.99274878275765,1.55972947098431e-10,12
"05.de 60 a 69 anios",2021,"covid","spearman",0.944055944055944,0,12
"05.de 60 a 69 anios",2021,"resp","pearson",0.922124325732094,1.97715478005413e-05,12
"05.de 60 a 69 anios",2021,"resp","spearman",0.917689673523234,2.58816939191146e-05,12
"05.de 60 a 69 anios",2021,"circ","pearson",0.704953555381897,0.010454798849642,12
"05.de 60 a 69 anios",2021,"circ","spearman",0.629370629370629,0.0323947497201257,12
"05.de 60 a 69 anios",2021,"diabetes","pearson",0.637370996178805,0.0257874333929284,12
"05.de 60 a 69 anios",2021,"diabetes","spearman",0.539405380620527,0.0703055633516461,12
"05.de 60 a 69 anios",2021,"alzheimer","pearson",0.713150195098011,0.00922135681234974,12
"05.de 60 a 69 anios",2021,"alzheimer","spearman",0.580163024935387,0.0479781631076078,12
"05.de 60 a 69 anios",2021,"metabolic","pearson",0.216130620968983,0.499881496334921,12
"05.de 60 a 69 anios",2021,"metabolic","spearman",0.368831432019098,0.238078660299393,12
"05.de 60 a 69 anios",2021,"anemia","pearson",0.406657083793017,0.189564196391803,12
"05.de 60 a 69 anios",2021,"anemia","spearman",0.5643958427355,0.0559162705205484,12
"05.de 60 a 69 anios",2022,"covid","pearson",0.931725475465836,1.04105281894769e-05,12
"05.de 60 a 69 anios",2022,"covid","spearman",0.251748251748252,0.430115288763099,12
"05.de 60 a 69 anios",2022,"resp","pearson",0.18047094922272,0.574602481600323,12
"05.de 60 a 69 anios",2022,"resp","spearman",0.168126352401203,0.601453777132892,12
"05.de 60 a 69 anios",2022,"circ","pearson",0.0922617427420572,0.775506895262248,12
"05.de 60 a 69 anios",2022,"circ","spearman",-0.168126352401203,0.601453777132892,12
"05.de 60 a 69 anios",2022,"diabetes","pearson",0.653106859557688,0.0212911645628847,12
"05.de 60 a 69 anios",2022,"diabetes","spearman",0.199650043476429,0.533867048433135,12
"05.de 60 a 69 anios",2022,"alzheimer","pearson",0.503549601349941,0.0951167957291977,12
"05.de 60 a 69 anios",2022,"alzheimer","spearman",0.399315723398224,0.198456809266903,12
"05.de 60 a 69 anios",2022,"metabolic","pearson",0.625739208715977,0.02952631166117,12
"05.de 60 a 69 anios",2022,"metabolic","spearman",0.555794870379528,0.0606121191472277,12
"05.de 60 a 69 anios",2022,"anemia","pearson",0.847945926296412,0.000493040891777674,12
"05.de 60 a 69 anios",2022,"anemia","spearman",0.571366366986334,0.0523017488968231,12
"05.de 60 a 69 anios",2023,"covid","pearson",0.407019049096517,0.189132242825329,12
"05.de 60 a 69 anios",2023,"covid","spearman",-0.105263805873376,0.744741546806973,12
"05.de 60 a 69 anios",2023,"resp","pearson",-0.61912357959869,0.0318190236831897,12
"05.de 60 a 69 anios",2023,"resp","spearman",-0.671328671328671,0.0204418784224505,12
"05.de 60 a 69 anios",2023,"circ","pearson",-0.51668631225727,0.0854332525262715,12
"05.de 60 a 69 anios",2023,"circ","spearman",-0.577934336379136,0.0490488481513114,12
"05.de 60 a 69 anios",2023,"diabetes","pearson",-0.281716068948135,0.375031746772141,12
"05.de 60 a 69 anios",2023,"diabetes","spearman",-0.0701758705822504,0.828430527371102,12
"05.de 60 a 69 anios",2023,"alzheimer","pearson",-0.0931057441247132,0.773500315904819,12
"05.de 60 a 69 anios",2023,"alzheimer","spearman",-0.0980748856924588,0.761712533747692,12
"05.de 60 a 69 anios",2023,"metabolic","pearson",0.413832562102496,0.181114940497929,12
"05.de 60 a 69 anios",2023,"metabolic","spearman",0.335707909051604,0.286056431815702,12
"05.de 60 a 69 anios",2023,"anemia","pearson",-0.244152115332461,0.444421969569282,12
"05.de 60 a 69 anios",2023,"anemia","spearman",-0.25796502485018,0.418223847448188,12
"05.de 60 a 69 anios",2024,"covid","pearson",0.281174934182549,0.375989040937703,12
"05.de 60 a 69 anios",2024,"covid","spearman",0.487659909990751,0.107782038646625,12
"05.de 60 a 69 anios",2024,"resp","pearson",0.272960257043235,0.390676006924118,12
"05.de 60 a 69 anios",2024,"resp","spearman",0.370629370629371,0.23673221413855,12
"05.de 60 a 69 anios",2024,"circ","pearson",0.620903251622356,0.0311901113619572,12
"05.de 60 a 69 anios",2024,"circ","spearman",0.594405594405594,0.0457531000864937,12
"05.de 60 a 69 anios",2024,"diabetes","pearson",0.594367018491859,0.0415380995090889,12
"05.de 60 a 69 anios",2024,"diabetes","spearman",0.697023835996655,0.011760970883598,12
"05.de 60 a 69 anios",2024,"alzheimer","pearson",0.41027953604403,0.185268791601912,12
"05.de 60 a 69 anios",2024,"alzheimer","spearman",0.434232448111149,0.158394173498195,12
"05.de 60 a 69 anios",2024,"metabolic","pearson",0.687250652282883,0.0135328230353505,12
"05.de 60 a 69 anios",2024,"metabolic","spearman",0.669030674443799,0.0173521925054073,12
"05.de 60 a 69 anios",2024,"anemia","pearson",0.625600241162853,0.0295732106083034,12
"05.de 60 a 69 anios",2024,"anemia","spearman",0.623056669979598,0.0304411260975472,12
"06.de 70 a 79 anios",2015,"covid","pearson",NA,NA,12
"06.de 70 a 79 anios",2015,"covid","spearman",NA,NA,12
"06.de 70 a 79 anios",2015,"resp","pearson",0.040250482973387,0.901159735173663,12
"06.de 70 a 79 anios",2015,"resp","spearman",0.0909090909090909,0.783196910294608,12
"06.de 70 a 79 anios",2015,"circ","pearson",-0.167908862967742,0.601931078677747,12
"06.de 70 a 79 anios",2015,"circ","spearman",-0.10157633790906,0.753434083780813,12
"06.de 70 a 79 anios",2015,"diabetes","pearson",-0.254698309039994,0.424349401330333,12
"06.de 70 a 79 anios",2015,"diabetes","spearman",-0.237762237762238,0.457102206809002,12
"06.de 70 a 79 anios",2015,"alzheimer","pearson",-0.103521298204597,0.748845850892645,12
"06.de 70 a 79 anios",2015,"alzheimer","spearman",-0.159878333484435,0.619654031154284,12
"06.de 70 a 79 anios",2015,"metabolic","pearson",0.0368171333714459,0.909558889189874,12
"06.de 70 a 79 anios",2015,"metabolic","spearman",-0.0315791417620127,0.922388946418277,12
"06.de 70 a 79 anios",2015,"anemia","pearson",-0.431931287833984,0.160861423798979,12
"06.de 70 a 79 anios",2015,"anemia","spearman",-0.344468759733852,0.27287018844612,12
"06.de 70 a 79 anios",2016,"covid","pearson",NA,NA,12
"06.de 70 a 79 anios",2016,"covid","spearman",NA,NA,12
"06.de 70 a 79 anios",2016,"resp","pearson",0.316930792114592,0.315508916111301,12
"06.de 70 a 79 anios",2016,"resp","spearman",0.0769230769230769,0.817283290706317,12
"06.de 70 a 79 anios",2016,"circ","pearson",0.308790171464387,0.32877700577948,12
"06.de 70 a 79 anios",2016,"circ","spearman",0.034965034965035,0.921184082791962,12
"06.de 70 a 79 anios",2016,"diabetes","pearson",0.351056611923516,0.263189205385356,12
"06.de 70 a 79 anios",2016,"diabetes","spearman",0.293706293706294,0.354332534211376,12
"06.de 70 a 79 anios",2016,"alzheimer","pearson",0.562937322379342,0.0566940642013399,12
"06.de 70 a 79 anios",2016,"alzheimer","spearman",0.404223544585642,0.192484113872614,12
"06.de 70 a 79 anios",2016,"metabolic","pearson",0.0538590011919932,0.867967669766609,12
"06.de 70 a 79 anios",2016,"metabolic","spearman",-0.0845091378244798,0.793995995909263,12
"06.de 70 a 79 anios",2016,"anemia","pearson",0.414392644824455,0.180465491026976,12
"06.de 70 a 79 anios",2016,"anemia","spearman",0.231989164718716,0.468122908080508,12
"06.de 70 a 79 anios",2017,"covid","pearson",NA,NA,12
"06.de 70 a 79 anios",2017,"covid","spearman",NA,NA,12
"06.de 70 a 79 anios",2017,"resp","pearson",0.519598666060079,0.0833808080951056,12
"06.de 70 a 79 anios",2017,"resp","spearman",0.013986013986014,0.973693903956088,12
"06.de 70 a 79 anios",2017,"circ","pearson",0.586514233325719,0.0450173999216139,12
"06.de 70 a 79 anios",2017,"circ","spearman",0.132867132867133,0.683365534284606,12
"06.de 70 a 79 anios",2017,"diabetes","pearson",0.586656339060759,0.0449526693254942,12
"06.de 70 a 79 anios",2017,"diabetes","spearman",0.13986013986014,0.667150535987429,12
"06.de 70 a 79 anios",2017,"alzheimer","pearson",-0.0157797552374,0.961179898294681,12
"06.de 70 a 79 anios",2017,"alzheimer","spearman",-0.189809316588041,0.554614369063919,12
"06.de 70 a 79 anios",2017,"metabolic","pearson",0.346607762260913,0.269704756390227,12
"06.de 70 a 79 anios",2017,"metabolic","spearman",0.136842947635388,0.67150587842799,12
"06.de 70 a 79 anios",2017,"anemia","pearson",0.0236111863324201,0.941937515419197,12
"06.de 70 a 79 anios",2017,"anemia","spearman",-0.362685049830059,0.246594634429129,12
"06.de 70 a 79 anios",2018,"covid","pearson",NA,NA,12
"06.de 70 a 79 anios",2018,"covid","spearman",NA,NA,12
"06.de 70 a 79 anios",2018,"resp","pearson",0.372816417031306,0.232651874710306,12
"06.de 70 a 79 anios",2018,"resp","spearman",0.153846153846154,0.635139955377586,12
"06.de 70 a 79 anios",2018,"circ","pearson",0.154525898516,0.631571362109935,12
"06.de 70 a 79 anios",2018,"circ","spearman",0.104895104895105,0.749479042672183,12
"06.de 70 a 79 anios",2018,"diabetes","pearson",0.0569606239770804,0.860428102486047,12
"06.de 70 a 79 anios",2018,"diabetes","spearman",0.027972027972028,0.9386633634935,12
"06.de 70 a 79 anios",2018,"alzheimer","pearson",0.0701397695696029,0.82851763340854,12
"06.de 70 a 79 anios",2018,"alzheimer","spearman",0.12676370673672,0.694630325869081,12
"06.de 70 a 79 anios",2018,"metabolic","pearson",0.203267680045017,0.526323966173952,12
"06.de 70 a 79 anios",2018,"metabolic","spearman",-0.0984196456382433,0.760896387918234,12
"06.de 70 a 79 anios",2018,"anemia","pearson",0.134197569264549,0.677550739091761,12
"06.de 70 a 79 anios",2018,"anemia","spearman",0.00714449764954014,0.982419034375535,12
"06.de 70 a 79 anios",2019,"covid","pearson",NA,NA,12
"06.de 70 a 79 anios",2019,"covid","spearman",NA,NA,12
"06.de 70 a 79 anios",2019,"resp","pearson",0.456753408365668,0.135515849680244,12
"06.de 70 a 79 anios",2019,"resp","spearman",0.27972027972028,0.378709233642039,12
"06.de 70 a 79 anios",2019,"circ","pearson",0.316636484125014,0.31598336927986,12
"06.de 70 a 79 anios",2019,"circ","spearman",0.13986013986014,0.667150535987429,12
"06.de 70 a 79 anios",2019,"diabetes","pearson",0.45903316353425,0.133326921842423,12
"06.de 70 a 79 anios",2019,"diabetes","spearman",0.272727272727273,0.391232746026155,12
"06.de 70 a 79 anios",2019,"alzheimer","pearson",0.149497928402113,0.642840143191182,12
"06.de 70 a 79 anios",2019,"alzheimer","spearman",0.2464849853214,0.439943113216354,12
"06.de 70 a 79 anios",2019,"metabolic","pearson",0.779483420829581,0.00279767984341237,12
"06.de 70 a 79 anios",2019,"metabolic","spearman",0.704029100680038,0.0106012347396097,12
"06.de 70 a 79 anios",2019,"anemia","pearson",0.627980773580025,0.0287772055577074,12
"06.de 70 a 79 anios",2019,"anemia","spearman",0.123269343248046,0.702704573210152,12
"06.de 70 a 79 anios",2020,"covid","pearson",0.951657534932804,1.91680269142678e-06,12
"06.de 70 a 79 anios",2020,"covid","spearman",0.763573850488797,0.00385009365655956,12
"06.de 70 a 79 anios",2020,"resp","pearson",0.787911608347457,0.00233785387210876,12
"06.de 70 a 79 anios",2020,"resp","spearman",0.755244755244755,0.00659654322080615,12
"06.de 70 a 79 anios",2020,"circ","pearson",0.358927204923592,0.251888277234201,12
"06.de 70 a 79 anios",2020,"circ","spearman",0.416813248661316,0.177675373725206,12
"06.de 70 a 79 anios",2020,"diabetes","pearson",0.664318959328553,0.0184567226938472,12
"06.de 70 a 79 anios",2020,"diabetes","spearman",0.623468556821128,0.0302993546927275,12
"06.de 70 a 79 anios",2020,"alzheimer","pearson",-0.381081971319421,0.221632980646312,12
"06.de 70 a 79 anios",2020,"alzheimer","spearman",-0.462347469103309,0.130185835682301,12
"06.de 70 a 79 anios",2020,"metabolic","pearson",0.184158367201098,0.566675670980458,12
"06.de 70 a 79 anios",2020,"metabolic","spearman",0.102296746495809,0.751733751358777,12
"06.de 70 a 79 anios",2020,"anemia","pearson",-0.228875449714287,0.474283134464047,12
"06.de 70 a 79 anios",2020,"anemia","spearman",-0.207384253309156,0.517796722200693,12
"06.de 70 a 79 anios",2021,"covid","pearson",0.976952289300575,4.92757714583137e-08,12
"06.de 70 a 79 anios",2021,"covid","spearman",0.937062937062937,0,12
"06.de 70 a 79 anios",2021,"resp","pearson",0.781148200404983,0.00270181722603248,12
"06.de 70 a 79 anios",2021,"resp","spearman",0.769230769230769,0.0052529205777348,12
"06.de 70 a 79 anios",2021,"circ","pearson",0.608189298753719,0.035884417937327,12
"06.de 70 a 79 anios",2021,"circ","spearman",0.524475524475525,0.0838845872329148,12
"06.de 70 a 79 anios",2021,"diabetes","pearson",0.573011839172063,0.0514730080475465,12
"06.de 70 a 79 anios",2021,"diabetes","spearman",0.587412587412588,0.0488448583092957,12
"06.de 70 a 79 anios",2021,"alzheimer","pearson",-0.114476345318885,0.723145682311001,12
"06.de 70 a 79 anios",2021,"alzheimer","spearman",0.112281392931601,0.728274877728567,12
"06.de 70 a 79 anios",2021,"metabolic","pearson",-0.0677930857301594,0.834183574022142,12
"06.de 70 a 79 anios",2021,"metabolic","spearman",-0.0210899240653379,0.948129782375788,12
"06.de 70 a 79 anios",2021,"anemia","pearson",0.518905484305976,0.0838662495363494,12
"06.de 70 a 79 anios",2021,"anemia","spearman",0.699685957812817,0.0113097004781984,12
"06.de 70 a 79 anios",2022,"covid","pearson",0.972198117406762,1.24850616238524e-07,12
"06.de 70 a 79 anios",2022,"covid","spearman",0.574431704037444,0.0507653346605709,12
"06.de 70 a 79 anios",2022,"resp","pearson",0.267012489309228,0.401489643724738,12
"06.de 70 a 79 anios",2022,"resp","spearman",0.223776223776224,0.484911140402734,12
"06.de 70 a 79 anios",2022,"circ","pearson",0.467988850979034,0.124950930136653,12
"06.de 70 a 79 anios",2022,"circ","spearman",0.00699300699300699,0.991230036057101,12
"06.de 70 a 79 anios",2022,"diabetes","pearson",0.778538330295971,0.0028532414418818,12
"06.de 70 a 79 anios",2022,"diabetes","spearman",0.490368527836842,0.105548053930175,12
"06.de 70 a 79 anios",2022,"alzheimer","pearson",0.918239666062253,2.50521637586726e-05,12
"06.de 70 a 79 anios",2022,"alzheimer","spearman",0.736339700884979,0.00631628954237768,12
"06.de 70 a 79 anios",2022,"metabolic","pearson",0.609227438512664,0.0354833032554759,12
"06.de 70 a 79 anios",2022,"metabolic","spearman",0.153846153846154,0.635139955377586,12
"06.de 70 a 79 anios",2022,"anemia","pearson",-0.0613100807501094,0.849873366550941,12
"06.de 70 a 79 anios",2022,"anemia","spearman",-0.0952417984616157,0.768427641160785,12
"06.de 70 a 79 anios",2023,"covid","pearson",0.479220059155154,0.114943630923545,12
"06.de 70 a 79 anios",2023,"covid","spearman",-0.0839160839160839,0.800197517952335,12
"06.de 70 a 79 anios",2023,"resp","pearson",-0.46582105898744,0.1269459409897,12
"06.de 70 a 79 anios",2023,"resp","spearman",-0.678321678321678,0.0188251260525212,12
"06.de 70 a 79 anios",2023,"circ","pearson",-0.392686505024233,0.206702962361611,12
"06.de 70 a 79 anios",2023,"circ","spearman",-0.538461538461539,0.0749022866724823,12
"06.de 70 a 79 anios",2023,"diabetes","pearson",-0.160663469629821,0.61791286630056,12
"06.de 70 a 79 anios",2023,"diabetes","spearman",-0.202797202797203,0.528100236783455,12
"06.de 70 a 79 anios",2023,"alzheimer","pearson",-0.382505190116438,0.219767979994802,12
"06.de 70 a 79 anios",2023,"alzheimer","spearman",-0.335110031624203,0.286969257359204,12
"06.de 70 a 79 anios",2023,"metabolic","pearson",0.581952622109032,0.047130419228628,12
"06.de 70 a 79 anios",2023,"metabolic","spearman",0.452634365255515,0.139529565200324,12
"06.de 70 a 79 anios",2023,"anemia","pearson",0.115171252113314,0.721523980812124,12
"06.de 70 a 79 anios",2023,"anemia","spearman",0.00699300699300699,0.991230036057101,12
"06.de 70 a 79 anios",2024,"covid","pearson",0.252664553483096,0.428185102132067,12
"06.de 70 a 79 anios",2024,"covid","spearman",0.182457263513851,0.570327038576317,12
"06.de 70 a 79 anios",2024,"resp","pearson",0.323882656811087,0.304416487262654,12
"06.de 70 a 79 anios",2024,"resp","spearman",0.405594405594406,0.192612183946047,12
"06.de 70 a 79 anios",2024,"circ","pearson",0.668809703355636,0.0174028809723349,12
"06.de 70 a 79 anios",2024,"circ","spearman",0.734265734265734,0.00905209711737095,12
"06.de 70 a 79 anios",2024,"diabetes","pearson",0.476244624549156,0.117541444152972,12
"06.de 70 a 79 anios",2024,"diabetes","spearman",0.384615384615385,0.218387426912988,12
"06.de 70 a 79 anios",2024,"alzheimer","pearson",0.634673536710475,0.026622107726741,12
"06.de 70 a 79 anios",2024,"alzheimer","spearman",0.673688357589604,0.0163087783685544,12
"06.de 70 a 79 anios",2024,"metabolic","pearson",0.792966164647358,0.00209127660306079,12
"06.de 70 a 79 anios",2024,"metabolic","spearman",0.72057240556571,0.00820121800089136,12
"06.de 70 a 79 anios",2024,"anemia","pearson",0.483571786206929,0.111212904445046,12
"06.de 70 a 79 anios",2024,"anemia","spearman",0.590139166438083,0.0433866886932492,12
"07.de 80 anios y mas",2015,"covid","pearson",NA,NA,12
"07.de 80 anios y mas",2015,"covid","spearman",NA,NA,12
"07.de 80 anios y mas",2015,"resp","pearson",0.138279305435362,0.668231150548871,12
"07.de 80 anios y mas",2015,"resp","spearman",0.251748251748252,0.430115288763099,12
"07.de 80 anios y mas",2015,"circ","pearson",-0.0839602461342444,0.795308852060062,12
"07.de 80 anios y mas",2015,"circ","spearman",0.0629370629370629,0.851681911253292,12
"07.de 80 anios y mas",2015,"diabetes","pearson",0.194080503980128,0.545568803791983,12
"07.de 80 anios y mas",2015,"diabetes","spearman",0.272727272727273,0.391232746026155,12
"07.de 80 anios y mas",2015,"alzheimer","pearson",0.43064621261052,0.162249794855788,12
"07.de 80 anios y mas",2015,"alzheimer","spearman",0.510489510489511,0.0936053800282637,12
"07.de 80 anios y mas",2015,"metabolic","pearson",0.113581190297912,0.725236243256906,12
"07.de 80 anios y mas",2015,"metabolic","spearman",0.316909266841799,0.315543603616405,12
"07.de 80 anios y mas",2015,"anemia","pearson",0.260300468491364,0.413871564045305,12
"07.de 80 anios y mas",2015,"anemia","spearman",0.309318886291622,0.327906186358772,12
"07.de 80 anios y mas",2016,"covid","pearson",NA,NA,12
"07.de 80 anios y mas",2016,"covid","spearman",NA,NA,12
"07.de 80 anios y mas",2016,"resp","pearson",0.0525907730250024,0.871053482265086,12
"07.de 80 anios y mas",2016,"resp","spearman",-0.181818181818182,0.572958221209956,12
"07.de 80 anios y mas",2016,"circ","pearson",0.136865318279291,0.671454835588009,12
"07.de 80 anios y mas",2016,"circ","spearman",-0.0629370629370629,0.851681911253293,12
"07.de 80 anios y mas",2016,"diabetes","pearson",0.0198162006402121,0.951259092635502,12
"07.de 80 anios y mas",2016,"diabetes","spearman",-0.0979020979020979,0.766288456385056,12
"07.de 80 anios y mas",2016,"alzheimer","pearson",0.40424627851643,0.192456708583837,12
"07.de 80 anios y mas",2016,"alzheimer","spearman",0.325744807777331,0.301482697461456,12
"07.de 80 anios y mas",2016,"metabolic","pearson",-0.0306022175128516,0.924783812953418,12
"07.de 80 anios y mas",2016,"metabolic","spearman",-0.038528955758609,0.905370070049872,12
"07.de 80 anios y mas",2016,"anemia","pearson",0.504910847279621,0.094080663974371,12
"07.de 80 anios y mas",2016,"anemia","spearman",0.323951694993839,0.304307435469146,12
"07.de 80 anios y mas",2017,"covid","pearson",NA,NA,12
"07.de 80 anios y mas",2017,"covid","spearman",NA,NA,12
"07.de 80 anios y mas",2017,"resp","pearson",0.649923009818465,0.0221508282555196,12
"07.de 80 anios y mas",2017,"resp","spearman",0.237762237762238,0.457102206809002,12
"07.de 80 anios y mas",2017,"circ","pearson",0.682860288893715,0.0143898939866638,12
"07.de 80 anios y mas",2017,"circ","spearman",0.363636363636364,0.246255228012161,12
"07.de 80 anios y mas",2017,"diabetes","pearson",0.406303253312943,0.189987031676142,12
"07.de 80 anios y mas",2017,"diabetes","spearman",0.370629370629371,0.23673221413855,12
"07.de 80 anios y mas",2017,"alzheimer","pearson",0.433029029312369,0.15968143088256,12
"07.de 80 anios y mas",2017,"alzheimer","spearman",0.034965034965035,0.921184082791962,12
"07.de 80 anios y mas",2017,"metabolic","pearson",0.384270202403741,0.217468271891833,12
"07.de 80 anios y mas",2017,"metabolic","spearman",0.428072810551727,0.165052806369413,12
"07.de 80 anios y mas",2017,"anemia","pearson",0.656690433154863,0.0203529534374349,12
"07.de 80 anios y mas",2017,"anemia","spearman",0.692452506811926,0.0125668509555123,12
"07.de 80 anios y mas",2018,"covid","pearson",NA,NA,12
"07.de 80 anios y mas",2018,"covid","spearman",NA,NA,12
"07.de 80 anios y mas",2018,"resp","pearson",0.366501365814207,0.241286218444123,12
"07.de 80 anios y mas",2018,"resp","spearman",0.146853146853147,0.651073351116621,12
"07.de 80 anios y mas",2018,"circ","pearson",0.188775595385986,0.55681281301057,12
"07.de 80 anios y mas",2018,"circ","spearman",0.041958041958042,0.90373883620237,12
"07.de 80 anios y mas",2018,"diabetes","pearson",0.0424695474761811,0.895736036489613,12
"07.de 80 anios y mas",2018,"diabetes","spearman",-0.055944055944056,0.868980339326347,12
"07.de 80 anios y mas",2018,"alzheimer","pearson",0.497336597040469,0.0999432445097215,12
"07.de 80 anios y mas",2018,"alzheimer","spearman",0.129825360577163,0.68757975238378,12
"07.de 80 anios y mas",2018,"metabolic","pearson",0.0838178925114677,0.795649417607749,12
"07.de 80 anios y mas",2018,"metabolic","spearman",0.111888111888112,0.732775446034506,12
"07.de 80 anios y mas",2018,"anemia","pearson",0.316397884040414,0.316368304547929,12
"07.de 80 anios y mas",2018,"anemia","spearman",0.273205322651955,0.390233673923637,12
"07.de 80 anios y mas",2019,"covid","pearson",NA,NA,12
"07.de 80 anios y mas",2019,"covid","spearman",NA,NA,12
"07.de 80 anios y mas",2019,"resp","pearson",0.195487777814765,0.542602018983196,12
"07.de 80 anios y mas",2019,"resp","spearman",0.356643356643357,0.256012537309024,12
"07.de 80 anios y mas",2019,"circ","pearson",0.110050294280908,0.733499045996207,12
"07.de 80 anios y mas",2019,"circ","spearman",0.272727272727273,0.391232746026155,12
"07.de 80 anios y mas",2019,"diabetes","pearson",0.169722858666431,0.59795449791027,12
"07.de 80 anios y mas",2019,"diabetes","spearman",0.041958041958042,0.90373883620237,12
"07.de 80 anios y mas",2019,"alzheimer","pearson",-0.0563443308341188,0.861925383857023,12
"07.de 80 anios y mas",2019,"alzheimer","spearman",0.398601398601399,0.200972975530579,12
"07.de 80 anios y mas",2019,"metabolic","pearson",-0.210781094824368,0.510805985421815,12
"07.de 80 anios y mas",2019,"metabolic","spearman",-0.227671102209963,0.476675824398499,12
"07.de 80 anios y mas",2019,"anemia","pearson",0.340737888909845,0.278442189917331,12
"07.de 80 anios y mas",2019,"anemia","spearman",0.394375976514239,0.204581906657955,12
"07.de 80 anios y mas",2020,"covid","pearson",0.846580113401757,0.000514341754339761,12
"07.de 80 anios y mas",2020,"covid","spearman",0.654992247896354,0.0207937091260825,12
"07.de 80 anios y mas",2020,"resp","pearson",0.245533903335996,0.441766452189704,12
"07.de 80 anios y mas",2020,"resp","spearman",0.363636363636364,0.246255228012161,12
"07.de 80 anios y mas",2020,"circ","pearson",0.106519418556023,0.74178784264072,12
"07.de 80 anios y mas",2020,"circ","spearman",0.132867132867133,0.683365534284606,12
"07.de 80 anios y mas",2020,"diabetes","pearson",0.438859937540637,0.153505857723382,12
"07.de 80 anios y mas",2020,"diabetes","spearman",0.356643356643357,0.256012537309024,12
"07.de 80 anios y mas",2020,"alzheimer","pearson",0.290744308918976,0.359248178108882,12
"07.de 80 anios y mas",2020,"alzheimer","spearman",0.332750072460714,0.29058848944247,12
"07.de 80 anios y mas",2020,"metabolic","pearson",-0.224394837585851,0.483212800358209,12
"07.de 80 anios y mas",2020,"metabolic","spearman",-0.0700526468338346,0.828727854101125,12
"07.de 80 anios y mas",2020,"anemia","pearson",0.179280639728146,0.57717065296255,12
"07.de 80 anios y mas",2020,"anemia","spearman",0.0842110446987005,0.794708923607882,12
"07.de 80 anios y mas",2021,"covid","pearson",0.814675951175957,0.00124977591507086,12
"07.de 80 anios y mas",2021,"covid","spearman",0.811188811188811,0.00236893039782362,12
"07.de 80 anios y mas",2021,"resp","pearson",0.0472117633685852,0.884159403898056,12
"07.de 80 anios y mas",2021,"resp","spearman",0.125874125874126,0.699712220731721,12
"07.de 80 anios y mas",2021,"circ","pearson",0.279821831823442,0.378388284453918,12
"07.de 80 anios y mas",2021,"circ","spearman",0.202797202797203,0.528100236783455,12
"07.de 80 anios y mas",2021,"diabetes","pearson",0.338492572606136,0.28182662691749,12
"07.de 80 anios y mas",2021,"diabetes","spearman",0.258741258741259,0.416938426539878,12
"07.de 80 anios y mas",2021,"alzheimer","pearson",0.633873120969745,0.0268734942439434,12
"07.de 80 anios y mas",2021,"alzheimer","spearman",0.706293706293706,0.0132861135216472,12
"07.de 80 anios y mas",2021,"metabolic","pearson",-0.103339809335725,0.749273676064486,12
"07.de 80 anios y mas",2021,"metabolic","spearman",-0.020979020979021,0.956169154937949,12
"07.de 80 anios y mas",2021,"anemia","pearson",-0.135188661295823,0.675283962310795,12
"07.de 80 anios y mas",2021,"anemia","spearman",-0.196147411134737,0.541213725951531,12
"07.de 80 anios y mas",2022,"covid","pearson",0.959442142399219,8.07309389056598e-07,12
"07.de 80 anios y mas",2022,"covid","spearman",0.426573426573427,0.168899525405203,12
"07.de 80 anios y mas",2022,"resp","pearson",0.117287909729616,0.716590850946515,12
"07.de 80 anios y mas",2022,"resp","spearman",0.041958041958042,0.90373883620237,12
"07.de 80 anios y mas",2022,"circ","pearson",0.518931634312004,0.0838479017048158,12
"07.de 80 anios y mas",2022,"circ","spearman",-0.104895104895105,0.749479042672183,12
"07.de 80 anios y mas",2022,"diabetes","pearson",0.756445393132766,0.00440863727003968,12
"07.de 80 anios y mas",2022,"diabetes","spearman",0.406305351636241,0.189984522415267,12
"07.de 80 anios y mas",2022,"alzheimer","pearson",0.763849908510057,0.00382960189648288,12
"07.de 80 anios y mas",2022,"alzheimer","spearman",0.483363263153459,0.111389816475383,12
"07.de 80 anios y mas",2022,"metabolic","pearson",0.786222368966594,0.00242501776400353,12
"07.de 80 anios y mas",2022,"metabolic","spearman",0.447552447552448,0.147205377767155,12
"07.de 80 anios y mas",2022,"anemia","pearson",0.694103731621798,0.0122711842179568,12
"07.de 80 anios y mas",2022,"anemia","spearman",0.543862997012441,0.0675703982612592,12
"07.de 80 anios y mas",2023,"covid","pearson",0.577054471336973,0.0494761336515405,12
"07.de 80 anios y mas",2023,"covid","spearman",-0.315236910752256,0.31824499801822,12
"07.de 80 anios y mas",2023,"resp","pearson",-0.685166282054343,0.0139348827402214,12
"07.de 80 anios y mas",2023,"resp","spearman",-0.713286713286713,0.0121143948815955,12
"07.de 80 anios y mas",2023,"circ","pearson",-0.71644383185872,0.00875763198155657,12
"07.de 80 anios y mas",2023,"circ","spearman",-0.769230769230769,0.00525292057773479,12
"07.de 80 anios y mas",2023,"diabetes","pearson",-0.625748025312621,0.0295233380330777,12
"07.de 80 anios y mas",2023,"diabetes","spearman",-0.594405594405594,0.0457531000864937,12
"07.de 80 anios y mas",2023,"alzheimer","pearson",-0.131710051947412,0.683250854344891,12
"07.de 80 anios y mas",2023,"alzheimer","spearman",-0.26269742562688,0.409428194878364,12
"07.de 80 anios y mas",2023,"metabolic","pearson",0.362161927454797,0.247327596669728,12
"07.de 80 anios y mas",2023,"metabolic","spearman",0.2112728445612,0.509797409524132,12
"07.de 80 anios y mas",2023,"anemia","pearson",0.00749062084984749,0.981567429273186,12
"07.de 80 anios y mas",2023,"anemia","spearman",0.01069724373481,0.973678767899533,12
"07.de 80 anios y mas",2024,"covid","pearson",0.163726546444535,0.61113730777437,12
"07.de 80 anios y mas",2024,"covid","spearman",0.0736846641113629,0.819972964509617,12
"07.de 80 anios y mas",2024,"resp","pearson",0.474909777510579,0.11871933850588,12
"07.de 80 anios y mas",2024,"resp","spearman",0.440559440559441,0.154215750256718,12
"07.de 80 anios y mas",2024,"circ","pearson",0.674500688701897,0.0161316366275049,12
"07.de 80 anios y mas",2024,"circ","spearman",0.692307692307692,0.0158776933220116,12
"07.de 80 anios y mas",2024,"diabetes","pearson",0.681986583571938,0.0145651211614694,12
"07.de 80 anios y mas",2024,"diabetes","spearman",0.592986106420016,0.0421356241438561,12
"07.de 80 anios y mas",2024,"alzheimer","pearson",0.752089055061247,0.00477889283351507,12
"07.de 80 anios y mas",2024,"alzheimer","spearman",0.704029100680038,0.0106012347396097,12
"07.de 80 anios y mas",2024,"metabolic","pearson",0.834113180731884,0.00074353267687754,12
"07.de 80 anios y mas",2024,"metabolic","spearman",0.79298733757943,0.00209028746548057,12
"07.de 80 anios y mas",2024,"anemia","pearson",0.697180932007532,0.0117339760056273,12
"07.de 80 anios y mas",2024,"anemia","spearman",0.739055424096955,0.00602781559390307,12
"08.sin especificar",2015,"covid","pearson",NA,NA,12
"08.sin especificar",2015,"covid","spearman",NA,NA,12
"08.sin especificar",2015,"resp","pearson",0.938993437625996,6.00420069070821e-06,12
"08.sin especificar",2015,"resp","spearman",0.874125874125874,0.000308860793053586,12
"08.sin especificar",2015,"circ","pearson",0.946841792168199,3.05654514993744e-06,12
"08.sin especificar",2015,"circ","spearman",0.828075272870555,0.00087955786999189,12
"08.sin especificar",2015,"diabetes","pearson",0.781163632674763,0.00270094047278699,12
"08.sin especificar",2015,"diabetes","spearman",0.758127143013727,0.00427167018054291,12
"08.sin especificar",2015,"alzheimer","pearson",0.391891089220356,0.207706193709387,12
"08.sin especificar",2015,"alzheimer","spearman",0.0591312395989083,0.855157990677555,12
"08.sin especificar",2015,"metabolic","pearson",0.153084072766603,0.634795581546859,12
"08.sin especificar",2015,"metabolic","spearman",-0.0381690510345287,0.906250574303675,12
"08.sin especificar",2015,"anemia","pearson",0.71104972711536,0.0095265021341929,12
"08.sin especificar",2015,"anemia","spearman",0.591312395989083,0.0428679805239881,12
"08.sin especificar",2016,"covid","pearson",NA,NA,12
"08.sin especificar",2016,"covid","spearman",NA,NA,12
"08.sin especificar",2016,"resp","pearson",0.376447472200882,0.227771851502278,12
"08.sin especificar",2016,"resp","spearman",0.434326410369775,0.158293943667979,12
"08.sin especificar",2016,"circ","pearson",0.700175623789725,0.0112281152497772,12
"08.sin especificar",2016,"circ","spearman",0.831584066399667,0.000798367102855193,12
"08.sin especificar",2016,"diabetes","pearson",0.14647516312024,0.649648414328651,12
"08.sin especificar",2016,"diabetes","spearman",0.114311962392642,0.723529455373014,12
"08.sin especificar",2016,"alzheimer","pearson",0.0247945235992157,0.939032215146421,12
"08.sin especificar",2016,"alzheimer","spearman",0.273147823898787,0.390337433749549,12
"08.sin especificar",2016,"metabolic","pearson",0.31033326886006,0.326238973636033,12
"08.sin especificar",2016,"metabolic","spearman",0.343521459310758,0.274278852227778,12
"08.sin especificar",2016,"anemia","pearson",0.0276247166645903,0.932086423737823,12
"08.sin especificar",2016,"anemia","spearman",0,1,12
"08.sin especificar",2017,"covid","pearson",NA,NA,12
"08.sin especificar",2017,"covid","spearman",NA,NA,12
"08.sin especificar",2017,"resp","pearson",0.503424246331631,0.0952125953291165,12
"08.sin especificar",2017,"resp","spearman",0.514886954228684,0.0867182974439261,12
"08.sin especificar",2017,"circ","pearson",0.626955895033514,0.0291179875824018,12
"08.sin especificar",2017,"circ","spearman",0.658494880238045,0.0198921335249136,12
"08.sin especificar",2017,"diabetes","pearson",-0.223035348042838,0.485937270790403,12
"08.sin especificar",2017,"diabetes","spearman",-0.278128337105061,0.38140221773578,12
"08.sin especificar",2017,"alzheimer","pearson",0.349735925488382,0.265113799775486,12
"08.sin especificar",2017,"alzheimer","spearman",0.315134544485309,0.318410764610841,12
"08.sin especificar",2017,"metabolic","pearson",0.372073167651676,0.233658394741378,12
"08.sin especificar",2017,"metabolic","spearman",0.599876581300762,0.0392138603052362,12
"08.sin especificar",2017,"anemia","pearson",0.331101675796537,0.29313169244993,12
"08.sin especificar",2017,"anemia","spearman",0.276229045166135,0.384797082436342,12
"08.sin especificar",2018,"covid","pearson",NA,NA,12
"08.sin especificar",2018,"covid","spearman",NA,NA,12
"08.sin especificar",2018,"resp","pearson",0.395238558417961,0.203504120594754,12
"08.sin especificar",2018,"resp","spearman",0.315791417620127,0.317347884349961,12
"08.sin especificar",2018,"circ","pearson",0.603107392960074,0.0378947982589324,12
"08.sin especificar",2018,"circ","spearman",0.564915758187116,0.0556408224592638,12
"08.sin especificar",2018,"diabetes","pearson",-0.0841748112850636,0.794795590273486,12
"08.sin especificar",2018,"diabetes","spearman",-0.0915032961178963,0.777311147788998,12
"08.sin especificar",2018,"alzheimer","pearson",NA,NA,12
"08.sin especificar",2018,"alzheimer","spearman",NA,NA,12
"08.sin especificar",2018,"metabolic","pearson",0.229162189638009,0.473714284176407,12
"08.sin especificar",2018,"metabolic","spearman",0.274817167448607,0.387330746235118,12
"08.sin especificar",2018,"anemia","pearson",0.488794421393338,0.106842541443148,12
"08.sin especificar",2018,"anemia","spearman",0.441922632909236,0.150324115800657,12
"08.sin especificar",2019,"covid","pearson",NA,NA,12
"08.sin especificar",2019,"covid","spearman",NA,NA,12
"08.sin especificar",2019,"resp","pearson",0.342216199505855,0.276226633283027,12
"08.sin especificar",2019,"resp","spearman",0.346760601827481,0.269479388463033,12
"08.sin especificar",2019,"circ","pearson",0.627341838705664,0.0289893180765364,12
"08.sin especificar",2019,"circ","spearman",0.561406964658003,0.0575182469842669,12
"08.sin especificar",2019,"diabetes","pearson",0.258961306734256,0.416364435239142,12
"08.sin especificar",2019,"diabetes","spearman",0.255502988331806,0.422836439570929,12
"08.sin especificar",2019,"alzheimer","pearson",-0.0912075718646135,0.778014914161525,12
"08.sin especificar",2019,"alzheimer","spearman",-0.129550055126259,0.688212819079986,12
"08.sin especificar",2019,"metabolic","pearson",0.466790797489738,0.126050940617702,12
"08.sin especificar",2019,"metabolic","spearman",0.451758906905512,0.140392417843837,12
"08.sin especificar",2019,"anemia","pearson",0.255155720779744,0.423489047663367,12
"08.sin especificar",2019,"anemia","spearman",0.225564677214089,0.480873992182828,12
"08.sin especificar",2020,"covid","pearson",0.84001480450607,0.000626890072031449,12
"08.sin especificar",2020,"covid","spearman",0.887345947157038,0.000117936670329529,12
"08.sin especificar",2020,"resp","pearson",0.943709250397171,4.04807709887121e-06,12
"08.sin especificar",2020,"resp","spearman",0.993006993006993,0,12
"08.sin especificar",2020,"circ","pearson",0.837550026668243,0.000673737812377538,12
"08.sin especificar",2020,"circ","spearman",0.833626497322632,0.000753851175952488,12
"08.sin especificar",2020,"diabetes","pearson",0.476216614529934,0.117566081347435,12
"08.sin especificar",2020,"diabetes","spearman",0.516095942427185,0.085853443578498,12
"08.sin especificar",2020,"alzheimer","pearson",-0.0454577923259677,0.888438864040698,12
"08.sin especificar",2020,"alzheimer","spearman",-0.0734479774711693,0.820542928180631,12
"08.sin especificar",2020,"metabolic","pearson",0.20720404517413,0.518168750186655,12
"08.sin especificar",2020,"metabolic","spearman",0.185147092994062,0.564557743641849,12
"08.sin especificar",2020,"anemia","pearson",0.281081462165962,0.376154525829754,12
"08.sin especificar",2020,"anemia","spearman",0.174927708859906,0.586600813992469,12
"08.sin especificar",2021,"covid","pearson",0.72677022767402,0.00741611484785091,12
"08.sin especificar",2021,"covid","spearman",0.775443369933867,0.00304109336903816,12
"08.sin especificar",2021,"resp","pearson",0.680250651759247,0.0149179359211358,12
"08.sin especificar",2021,"resp","spearman",0.687857433333891,0.0134174077222645,12
"08.sin especificar",2021,"circ","pearson",0.727542718392156,0.00732236377145994,12
"08.sin especificar",2021,"circ","spearman",0.663161977002266,0.0187356360660406,12
"08.sin especificar",2021,"diabetes","pearson",0.376509905081929,0.227688483933748,12
"08.sin especificar",2021,"diabetes","spearman",0.39208729438146,0.207458451696095,12
"08.sin especificar",2021,"alzheimer","pearson",0.765890880993622,0.00368065580773503,12
"08.sin especificar",2021,"alzheimer","spearman",0.789352217376326,0.00226542773293808,12
"08.sin especificar",2021,"metabolic","pearson",0.00179563392702707,0.995581076129989,12
"08.sin especificar",2021,"metabolic","spearman",0.0350149493872565,0.913971106587182,12
"08.sin especificar",2021,"anemia","pearson",0.0661510381366028,0.838152534071642,12
"08.sin especificar",2021,"anemia","spearman",0.11748186024318,0.716139319372354,12
"08.sin especificar",2022,"covid","pearson",0.393423128052416,0.205776523878549,12
"08.sin especificar",2022,"covid","spearman",0.367234424874534,0.240274352310523,12
"08.sin especificar",2022,"resp","pearson",0.375018582500178,0.229684862095279,12
"08.sin especificar",2022,"resp","spearman",0.318039071733099,0.313725792425482,12
"08.sin especificar",2022,"circ","pearson",0.395066871799977,0.203718363755404,12
"08.sin especificar",2022,"circ","spearman",0.298247449974564,0.346402981262723,12
"08.sin especificar",2022,"diabetes","pearson",-0.281307035869612,0.375755229659139,12
"08.sin especificar",2022,"diabetes","spearman",-0.288829465070737,0.362566054962929,12
"08.sin especificar",2022,"alzheimer","pearson",NA,NA,12
"08.sin especificar",2022,"alzheimer","spearman",NA,NA,12
"08.sin especificar",2022,"metabolic","pearson",-0.0166507445130574,0.959038702122422,12
"08.sin especificar",2022,"metabolic","spearman",-0.102418311299838,0.751446929730252,12
"08.sin especificar",2022,"anemia","pearson",0.00646348149333508,0.984094661989645,12
"08.sin especificar",2022,"anemia","spearman",0.0972637482979348,0.763633606964137,12
"08.sin especificar",2023,"covid","pearson",0.104247604465996,0.747134374880457,12
"08.sin especificar",2023,"covid","spearman",0.182769286032989,0.569656586359638,12
"08.sin especificar",2023,"resp","pearson",0.259886627002211,0.414641142687858,12
"08.sin especificar",2023,"resp","spearman",0.367776395877632,0.239527868995874,12
"08.sin especificar",2023,"circ","pearson",0.11204136182128,0.728836410983973,12
"08.sin especificar",2023,"circ","spearman",0.288228962226284,0.363609863858254,12
"08.sin especificar",2023,"diabetes","pearson",-0.122805697255544,0.703778038932774,12
"08.sin especificar",2023,"diabetes","spearman",-0.102680586534141,0.750828212402835,12
"08.sin especificar",2023,"alzheimer","pearson",0.145514151934562,0.651818124027328,12
"08.sin especificar",2023,"alzheimer","spearman",0.131013944022344,0.684848714427376,12
"08.sin especificar",2023,"metabolic","pearson",0.0156977759327968,0.961381444416477,12
"08.sin especificar",2023,"metabolic","spearman",0.0244826591570564,0.939797832095079,12
"08.sin especificar",2023,"anemia","pearson",0.0953202881261172,0.768241402387862,12
"08.sin especificar",2023,"anemia","spearman",0.194325082689389,0.545052702926967,12
"08.sin especificar",2024,"covid","pearson",0.211896782900615,0.508518978141828,12
"08.sin especificar",2024,"covid","spearman",0.211754594935676,0.508810192740385,12
"08.sin especificar",2024,"resp","pearson",0.166855246810132,0.604245369797352,12
"08.sin especificar",2024,"resp","spearman",0.193324303932264,0.547165796571358,12
"08.sin especificar",2024,"circ","pearson",0.241228044678674,0.450066574278766,12
"08.sin especificar",2024,"circ","spearman",0.0700526468338346,0.828727854101125,12
"08.sin especificar",2024,"diabetes","pearson",0.0745710395191416,0.817839201593185,12
"08.sin especificar",2024,"diabetes","spearman",0.197923695331785,0.537482718301092,12
"08.sin especificar",2024,"alzheimer","pearson",0.345100018144953,0.271933801543803,12
"08.sin especificar",2024,"alzheimer","spearman",0.305699202718803,0.33389313645066,12
"08.sin especificar",2024,"metabolic","pearson",-0.366575146679748,0.241184262376966,12
"08.sin especificar",2024,"metabolic","spearman",-0.3579305937364,0.253303266496449,12
"08.sin especificar",2024,"anemia","pearson",0.392626639348884,0.206778365938439,12
"08.sin especificar",2024,"anemia","spearman",0.416288842715161,0.178277529122531,12
