"term","estimate","std.error","statistic","p.value","model","age_group","anio_def","coef","se"
"(Intercept)",-161.944934058024,27.7234606575911,-5.84144007337992,8.54883679933456e-08,"lm","01.menor a 20 anios",NA,NA,NA
"covid",18.1248655392359,8.27385990736203,2.19061789082367,0.0311227711531424,"lm","01.menor a 20 anios",NA,NA,NA
"factor(anio_def)2016",-10.0590042340327,17.1862219050002,-0.585294679053699,0.559847497211012,"lm","01.menor a 20 anios",NA,NA,NA
"factor(anio_def)2017",11.8371420767534,15.2094453877071,0.778275721106874,0.43849409110459,"lm","01.menor a 20 anios",NA,NA,NA
"factor(anio_def)2018",7.80993391639507,17.8618904865996,0.437240051508225,0.663008412633094,"lm","01.menor a 20 anios",NA,NA,NA
"factor(anio_def)2019",18.9955474039432,16.2915239282983,1.16597731971213,0.246774030884547,"lm","01.menor a 20 anios",NA,NA,NA
"factor(anio_def)2020",-37.7596413653886,21.7521241543222,-1.73590593256547,0.0860805359262921,"lm","01.menor a 20 anios",NA,NA,NA
"factor(anio_def)2021",8.74869240648129,25.6246690286168,0.341416796318853,0.733603729646294,"lm","01.menor a 20 anios",NA,NA,NA
"factor(anio_def)2022",61.0392653423974,16.9639423783847,3.59817688488338,0.000528869004817118,"lm","01.menor a 20 anios",NA,NA,NA
"factor(anio_def)2023",66.5839297871068,19.8011477276039,3.36262981838598,0.00114443777684902,"lm","01.menor a 20 anios",NA,NA,NA
"factor(anio_def)2024",73.8759906262815,23.8437102866882,3.09834290628528,0.00261239014983569,"lm","01.menor a 20 anios",NA,NA,NA
"resp",1.87667366821844,0.243819027183196,7.69699432361519,1.91814439912895e-11,"lm","01.menor a 20 anios",NA,NA,NA
"circ",1.75113713462453,0.780061395219761,2.24487091061748,0.0272832314532976,"lm","01.menor a 20 anios",NA,NA,NA
"diabetes",5.9316957906778,3.16026381103605,1.87696222383826,0.0638367544328813,"lm","01.menor a 20 anios",NA,NA,NA
"alzheimer",50.3460038897547,18.7050476419212,2.69157314397428,0.00851131785302834,"lm","01.menor a 20 anios",NA,NA,NA
"metabolic",2.8806436061554,1.48157204106776,1.94431558257493,0.0550516960952646,"lm","01.menor a 20 anios",NA,NA,NA
"anemia",0.846996156256574,2.54787625049281,0.332432219222872,0.740353491299562,"lm","01.menor a 20 anios",NA,NA,NA
"factor(month)2",4.73141616150542,20.0620849933233,0.235838705851363,0.814105845178063,"lm","01.menor a 20 anios",NA,NA,NA
"factor(month)3",-29.9563487972945,19.0489225649384,-1.57260069146548,0.119399988228605,"lm","01.menor a 20 anios",NA,NA,NA
"factor(month)4",-19.3744903573637,20.4617271002791,-0.946864859569918,0.346300481526193,"lm","01.menor a 20 anios",NA,NA,NA
"factor(month)5",-81.9232772023295,18.466502271861,-4.43631804205625,2.63762477338696e-05,"lm","01.menor a 20 anios",NA,NA,NA
"factor(month)6",-182.35801493805,25.7325122366456,-7.08667747870941,3.25238986194601e-10,"lm","01.menor a 20 anios",NA,NA,NA
"factor(month)7",-176.121223204495,23.0640411264954,-7.63618232548899,2.5482104022324e-11,"lm","01.menor a 20 anios",NA,NA,NA
"factor(month)8",-71.1468615678496,19.2150925922796,-3.70265515121356,0.000371608407235176,"lm","01.menor a 20 anios",NA,NA,NA
"factor(month)9",-51.3437073676803,18.0494651796598,-2.84461100961265,0.00552947242696469,"lm","01.menor a 20 anios",NA,NA,NA
"factor(month)10",-21.8088300020136,17.0138327463013,-1.28182934011472,0.203269461586713,"lm","01.menor a 20 anios",NA,NA,NA
"factor(month)11",3.93156650407866,19.9115187098015,0.197451864992263,0.84392931090061,"lm","01.menor a 20 anios",NA,NA,NA
"factor(month)12",-19.3310505416573,19.9151521086149,-0.97067049431649,0.334372833112979,"lm","01.menor a 20 anios",NA,NA,NA
"covid:factor(anio_def)2020",-17.2675210620414,8.57462777001281,-2.01379249632613,0.047085946827778,"lm","01.menor a 20 anios",NA,NA,NA
"covid:factor(anio_def)2021",-16.8952794670897,8.39227573478014,-2.01319403711564,0.0471501104155643,"lm","01.menor a 20 anios",NA,NA,NA
"covid:factor(anio_def)2022",-17.666188275888,8.30396558695485,-2.1274399671936,0.036180997824022,"lm","01.menor a 20 anios",NA,NA,NA
"covid:factor(anio_def)2023",-19.7151050150255,9.58814884725473,-2.05619513517151,0.0427260293238312,"lm","01.menor a 20 anios",NA,NA,NA
NA,NA,NA,NA,NA,"lm","01.menor a 20 anios",2015,18.1248655392359,8.27385990736203
NA,NA,NA,NA,NA,"lm","01.menor a 20 anios",2016,NA,8.27385990736203
NA,NA,NA,NA,NA,"lm","01.menor a 20 anios",2017,NA,8.27385990736203
NA,NA,NA,NA,NA,"lm","01.menor a 20 anios",2018,NA,8.27385990736203
NA,NA,NA,NA,NA,"lm","01.menor a 20 anios",2019,NA,8.27385990736203
NA,NA,NA,NA,NA,"lm","01.menor a 20 anios",2020,0.857344477194506,1.11255585495938
NA,NA,NA,NA,NA,"lm","01.menor a 20 anios",2021,1.22958607214626,0.870835748991436
NA,NA,NA,NA,NA,"lm","01.menor a 20 anios",2022,0.458677263347933,0.275772791450043
NA,NA,NA,NA,NA,"lm","01.menor a 20 anios",2023,-1.59023947578954,4.48907704973107
NA,NA,NA,NA,NA,"lm","01.menor a 20 anios",2024,NA,8.27385990736203
"(Intercept)",-337.339437549778,55.1889715133123,-6.11244290842434,2.62155573543274e-08,"lm","02.de 20 a 39 anios",NA,NA,NA
"covid",19.3154400136662,6.85248207612317,2.81875089917697,0.00595420198818077,"lm","02.de 20 a 39 anios",NA,NA,NA
"factor(anio_def)2016",9.67257581953114,18.1299372590858,0.533514026072192,0.595022798088568,"lm","02.de 20 a 39 anios",NA,NA,NA
"factor(anio_def)2017",0.266666575820733,17.3263702291709,0.0153907928950848,0.987755249204183,"lm","02.de 20 a 39 anios",NA,NA,NA
"factor(anio_def)2018",13.5178045199744,17.9644654731998,0.75247463055001,0.453773820757557,"lm","02.de 20 a 39 anios",NA,NA,NA
"factor(anio_def)2019",-19.1979330334154,17.4812553548143,-1.09820105271378,0.275112421399192,"lm","02.de 20 a 39 anios",NA,NA,NA
"factor(anio_def)2020",-111.812382208499,30.5580533532248,-3.65901521657954,0.000430959038450931,"lm","02.de 20 a 39 anios",NA,NA,NA
"factor(anio_def)2021",-27.0088846374606,26.4245434623317,-1.02211357694644,0.309528818474233,"lm","02.de 20 a 39 anios",NA,NA,NA
"factor(anio_def)2022",-30.0472463483511,26.0355390061641,-1.15408581866645,0.251589636775815,"lm","02.de 20 a 39 anios",NA,NA,NA
"factor(anio_def)2023",-7.81073188636243,22.7610737759227,-0.343161836882443,0.732295155362326,"lm","02.de 20 a 39 anios",NA,NA,NA
"factor(anio_def)2024",-64.7807160372038,39.736160460267,-1.63027115068099,0.106618529102697,"lm","02.de 20 a 39 anios",NA,NA,NA
"resp",0.703258335631165,0.312831485672029,2.24804205408038,0.0270722539856427,"lm","02.de 20 a 39 anios",NA,NA,NA
"circ",1.99205578732812,0.448906635641043,4.43757260233734,2.62510766924715e-05,"lm","02.de 20 a 39 anios",NA,NA,NA
"diabetes",1.56360939163326,1.22770671217028,1.27360172925111,0.206158360045382,"lm","02.de 20 a 39 anios",NA,NA,NA
"alzheimer",2.60655622682334,7.92057930787242,0.329086563685138,0.74287218879959,"lm","02.de 20 a 39 anios",NA,NA,NA
"metabolic",1.02153696837501,2.02608720689071,0.504192003631815,0.615386511104104,"lm","02.de 20 a 39 anios",NA,NA,NA
"anemia",4.15159571128505,3.59558972774313,1.15463554677884,0.251365558152449,"lm","02.de 20 a 39 anios",NA,NA,NA
"factor(month)2",34.7722580080246,26.5580348154383,1.30929333626038,0.193843362067415,"lm","02.de 20 a 39 anios",NA,NA,NA
"factor(month)3",6.94163044388385,23.7105677264126,0.292765256571699,0.770390797039648,"lm","02.de 20 a 39 anios",NA,NA,NA
"factor(month)4",48.3875044813058,28.5727809982492,1.69348249595553,0.0939007784441635,"lm","02.de 20 a 39 anios",NA,NA,NA
"factor(month)5",17.853773346289,25.9358944282349,0.688380861346066,0.493023709089529,"lm","02.de 20 a 39 anios",NA,NA,NA
"factor(month)6",-47.7798755805292,24.165265441022,-1.97721294215209,0.0511476594093261,"lm","02.de 20 a 39 anios",NA,NA,NA
"factor(month)7",-56.7787618759462,21.4418018982109,-2.64804059591111,0.00959397344376762,"lm","02.de 20 a 39 anios",NA,NA,NA
"factor(month)8",-1.58513707330183,25.8339101870587,-0.0613587746424808,0.95121262639383,"lm","02.de 20 a 39 anios",NA,NA,NA
"factor(month)9",11.177985201221,26.3600885567917,0.424049607312149,0.672564439115167,"lm","02.de 20 a 39 anios",NA,NA,NA
"factor(month)10",37.9717902860115,21.9467600487479,1.73017749324588,0.0871041860375871,"lm","02.de 20 a 39 anios",NA,NA,NA
"factor(month)11",47.4617293354072,21.892876599946,2.16790740671896,0.0328651584069636,"lm","02.de 20 a 39 anios",NA,NA,NA
"factor(month)12",30.8275858407256,27.4780802441703,1.12189736571083,0.264957995879588,"lm","02.de 20 a 39 anios",NA,NA,NA
"covid:factor(anio_def)2020",-18.0716707672605,6.8337051781037,-2.64449084300053,0.00968754208591263,"lm","02.de 20 a 39 anios",NA,NA,NA
"covid:factor(anio_def)2021",-18.3399018066661,6.86007183393819,-2.67342707928141,0.00894834403612989,"lm","02.de 20 a 39 anios",NA,NA,NA
"covid:factor(anio_def)2022",-18.0548360885578,6.86034377187242,-2.63176841991258,0.0100297299139054,"lm","02.de 20 a 39 anios",NA,NA,NA
"covid:factor(anio_def)2023",-16.3055825182656,7.15470531868037,-2.27900127146998,0.0250866306003008,"lm","02.de 20 a 39 anios",NA,NA,NA
NA,NA,NA,NA,NA,"lm","02.de 20 a 39 anios",2015,19.3154400136662,6.85248207612317
NA,NA,NA,NA,NA,"lm","02.de 20 a 39 anios",2016,NA,6.85248207612317
NA,NA,NA,NA,NA,"lm","02.de 20 a 39 anios",2017,NA,6.85248207612317
NA,NA,NA,NA,NA,"lm","02.de 20 a 39 anios",2018,NA,6.85248207612317
NA,NA,NA,NA,NA,"lm","02.de 20 a 39 anios",2019,NA,6.85248207612317
NA,NA,NA,NA,NA,"lm","02.de 20 a 39 anios",2020,1.24376924640571,0.201880175907836
NA,NA,NA,NA,NA,"lm","02.de 20 a 39 anios",2021,0.975538207000174,0.0457362785948945
NA,NA,NA,NA,NA,"lm","02.de 20 a 39 anios",2022,1.26060392510845,0.179852684934542
NA,NA,NA,NA,NA,"lm","02.de 20 a 39 anios",2023,3.0098574954006,2.0247385065153
NA,NA,NA,NA,NA,"lm","02.de 20 a 39 anios",2024,NA,6.85248207612317
"(Intercept)",-458.033402791855,44.8039259248603,-10.2230640136316,1.25408477283891e-16,"lm","03.de 40 a 49 anios",NA,NA,NA
"covid",8.03844689298249,7.61194971604256,1.0560299519637,0.293845098840706,"lm","03.de 40 a 49 anios",NA,NA,NA
"factor(anio_def)2016",-4.23494520811585,13.4696450799633,-0.314406592228293,0.753956447062382,"lm","03.de 40 a 49 anios",NA,NA,NA
"factor(anio_def)2017",-21.8532061764664,12.4570269991724,-1.75428745381368,0.0828623919388678,"lm","03.de 40 a 49 anios",NA,NA,NA
"factor(anio_def)2018",-6.99754652187696,12.524397298783,-0.55871323425335,0.577776417641258,"lm","03.de 40 a 49 anios",NA,NA,NA
"factor(anio_def)2019",-28.8231331241335,10.9838785277272,-2.62413072498696,0.010240379475648,"lm","03.de 40 a 49 anios",NA,NA,NA
"factor(anio_def)2020",-61.832336576389,14.7348513705152,-4.19633256023993,6.4612759169378e-05,"lm","03.de 40 a 49 anios",NA,NA,NA
"factor(anio_def)2021",-3.44751045318756,13.5735097369846,-0.253988137187091,0.800097233684432,"lm","03.de 40 a 49 anios",NA,NA,NA
"factor(anio_def)2022",-15.1750245038123,13.3890584320928,-1.13338996769471,0.26012889944028,"lm","03.de 40 a 49 anios",NA,NA,NA
"factor(anio_def)2023",1.66606072118715,16.5420293532841,0.1007168277607,0.920004365644383,"lm","03.de 40 a 49 anios",NA,NA,NA
"factor(anio_def)2024",-45.1225145750161,16.3096876148835,-2.76660814360659,0.0069028316930554,"lm","03.de 40 a 49 anios",NA,NA,NA
"resp",1.43085709798402,0.176715226040319,8.09696555325434,2.93711606240628e-12,"lm","03.de 40 a 49 anios",NA,NA,NA
"circ",1.34601908707249,0.198539620788958,6.77959936522327,1.32391196490999e-09,"lm","03.de 40 a 49 anios",NA,NA,NA
"diabetes",2.1187227232863,0.600170624629608,3.53020064018272,0.000663097417640049,"lm","03.de 40 a 49 anios",NA,NA,NA
"alzheimer",3.15678987804935,9.51984265722097,0.331601055995907,0.740978949809983,"lm","03.de 40 a 49 anios",NA,NA,NA
"metabolic",3.03338071467792,1.98206266020542,1.53041615463537,0.129500744065162,"lm","03.de 40 a 49 anios",NA,NA,NA
"anemia",5.98322494446855,2.1341891596436,2.80351201177861,0.00621828474014737,"lm","03.de 40 a 49 anios",NA,NA,NA
"factor(month)2",33.9522083226192,17.5623555383983,1.93323772818436,0.0564219826330292,"lm","03.de 40 a 49 anios",NA,NA,NA
"factor(month)3",12.2709139064098,16.5702554060119,0.740538610042051,0.460944584388103,"lm","03.de 40 a 49 anios",NA,NA,NA
"factor(month)4",5.29238752409555,12.7212980559419,0.416025746808407,0.678404004014264,"lm","03.de 40 a 49 anios",NA,NA,NA
"factor(month)5",-62.3698695587147,12.386933802136,-5.03513383981756,2.51489898485613e-06,"lm","03.de 40 a 49 anios",NA,NA,NA
"factor(month)6",-149.625378793914,12.7545885504027,-11.7311019640213,1.10029404708412e-19,"lm","03.de 40 a 49 anios",NA,NA,NA
"factor(month)7",-145.591933146583,14.4014099985096,-10.109561019487,2.14254773933255e-16,"lm","03.de 40 a 49 anios",NA,NA,NA
"factor(month)8",-89.3650918208788,15.430481093544,-5.79146504111712,1.06070844680345e-07,"lm","03.de 40 a 49 anios",NA,NA,NA
"factor(month)9",-70.3790168005135,14.2392369579302,-4.94261153237692,3.65196312641756e-06,"lm","03.de 40 a 49 anios",NA,NA,NA
"factor(month)10",-38.970346898787,12.1647986706507,-3.20353406199877,0.00189091445554007,"lm","03.de 40 a 49 anios",NA,NA,NA
"factor(month)11",36.3862577396628,17.0397744239235,2.13537203218943,0.0355090912769942,"lm","03.de 40 a 49 anios",NA,NA,NA
"factor(month)12",-27.0056858013379,14.1002646928083,-1.91526091103183,0.0587070618129964,"lm","03.de 40 a 49 anios",NA,NA,NA
"covid:factor(anio_def)2020",-6.97256070671535,7.60403377591767,-0.916955514952836,0.361672129513903,"lm","03.de 40 a 49 anios",NA,NA,NA
"covid:factor(anio_def)2021",-7.0764153941744,7.61130591324681,-0.929724212222047,0.355057285217549,"lm","03.de 40 a 49 anios",NA,NA,NA
"covid:factor(anio_def)2022",-7.0979308739291,7.6017356900482,-0.933725028511758,0.353000735971203,"lm","03.de 40 a 49 anios",NA,NA,NA
"covid:factor(anio_def)2023",-6.47945470743259,7.61020678109417,-0.8514163798452,0.396849076770136,"lm","03.de 40 a 49 anios",NA,NA,NA
NA,NA,NA,NA,NA,"lm","03.de 40 a 49 anios",2015,8.03844689298249,7.61194971604256
NA,NA,NA,NA,NA,"lm","03.de 40 a 49 anios",2016,NA,7.61194971604256
NA,NA,NA,NA,NA,"lm","03.de 40 a 49 anios",2017,NA,7.61194971604256
NA,NA,NA,NA,NA,"lm","03.de 40 a 49 anios",2018,NA,7.61194971604256
NA,NA,NA,NA,NA,"lm","03.de 40 a 49 anios",2019,NA,7.61194971604256
NA,NA,NA,NA,NA,"lm","03.de 40 a 49 anios",2020,1.06588618626715,0.0759273545480067
NA,NA,NA,NA,NA,"lm","03.de 40 a 49 anios",2021,0.962031498808095,0.0131436525660094
NA,NA,NA,NA,NA,"lm","03.de 40 a 49 anios",2022,0.940516019053393,0.124082585451441
NA,NA,NA,NA,NA,"lm","03.de 40 a 49 anios",2023,1.5589921855499,0.703814302457736
NA,NA,NA,NA,NA,"lm","03.de 40 a 49 anios",2024,NA,7.61194971604256
"(Intercept)",-1150.39986002135,86.5476064988119,-13.2921048491057,9.36190536004173e-23,"lm","04.de 50 a 59 anios",NA,NA,NA
"covid",15.10155769129,4.94544857465949,3.05362748460685,0.00299065162231179,"lm","04.de 50 a 59 anios",NA,NA,NA
"factor(anio_def)2016",22.3691266973959,23.6341062634636,0.946476522024309,0.346497313435717,"lm","04.de 50 a 59 anios",NA,NA,NA
"factor(anio_def)2017",0.381109390619873,18.3291880478501,0.0207924862587994,0.98345826449018,"lm","04.de 50 a 59 anios",NA,NA,NA
"factor(anio_def)2018",26.5293638286513,21.6799694696839,1.22368086660585,0.224339026412496,"lm","04.de 50 a 59 anios",NA,NA,NA
"factor(anio_def)2019",40.0140606289187,21.454899145546,1.86503140180109,0.0655097324621815,"lm","04.de 50 a 59 anios",NA,NA,NA
"factor(anio_def)2020",47.4866925060558,19.8961351335547,2.38672949230073,0.0191410342543437,"lm","04.de 50 a 59 anios",NA,NA,NA
"factor(anio_def)2021",119.303060275903,18.4849846307433,6.45405244630197,5.75306691514539e-09,"lm","04.de 50 a 59 anios",NA,NA,NA
"factor(anio_def)2022",133.844619283886,17.3163972271806,7.72935718255513,1.64880360764575e-11,"lm","04.de 50 a 59 anios",NA,NA,NA
"factor(anio_def)2023",174.760048432058,22.5530286370986,7.7488505532506,1.5051037804275e-11,"lm","04.de 50 a 59 anios",NA,NA,NA
"factor(anio_def)2024",166.717899347022,26.6053234068965,6.26633613120471,1.32840699529975e-08,"lm","04.de 50 a 59 anios",NA,NA,NA
"resp",1.18518374949739,0.13528689689811,8.76052135625524,1.27723329351262e-13,"lm","04.de 50 a 59 anios",NA,NA,NA
"circ",1.57677756664475,0.162234205090667,9.71914378822606,1.35741229868322e-15,"lm","04.de 50 a 59 anios",NA,NA,NA
"diabetes",1.51046653835456,0.529569158703209,2.85225548642851,0.00540935124932438,"lm","04.de 50 a 59 anios",NA,NA,NA
"alzheimer",-4.95931017279409,8.47256685101159,-0.585337390663606,0.559818910814942,"lm","04.de 50 a 59 anios",NA,NA,NA
"metabolic",1.13478193967811,2.03759480978087,0.556922276318589,0.578994219638905,"lm","04.de 50 a 59 anios",NA,NA,NA
"anemia",-3.53721786842344,3.06421624071382,-1.15436300526866,0.251476633047305,"lm","04.de 50 a 59 anios",NA,NA,NA
"factor(month)2",124.971376861379,23.9134812969561,5.22598007832872,1.1529230714403e-06,"lm","04.de 50 a 59 anios",NA,NA,NA
"factor(month)3",-14.1043085161293,20.3385837058388,-0.693475451394395,0.489837615406625,"lm","04.de 50 a 59 anios",NA,NA,NA
"factor(month)4",-6.81707670399459,21.5331200086614,-0.316585645798311,0.752307804516795,"lm","04.de 50 a 59 anios",NA,NA,NA
"factor(month)5",-238.181400126142,22.3873592730821,-10.6391020584783,1.77091453180364e-17,"lm","04.de 50 a 59 anios",NA,NA,NA
"factor(month)6",-396.154258302453,30.7366052430487,-12.8886796433724,5.67450084212535e-22,"lm","04.de 50 a 59 anios",NA,NA,NA
"factor(month)7",-394.191266562262,29.6002674388928,-13.3171521972237,8.37613625513708e-23,"lm","04.de 50 a 59 anios",NA,NA,NA
"factor(month)8",-325.360801007528,27.3208593193453,-11.9088787510116,4.85737297495782e-20,"lm","04.de 50 a 59 anios",NA,NA,NA
"factor(month)9",-149.976981121754,22.1864824804336,-6.75983591603669,1.44827555341948e-09,"lm","04.de 50 a 59 anios",NA,NA,NA
"factor(month)10",-75.7273638113727,14.0246256476973,-5.39959965518271,5.60539140315503e-07,"lm","04.de 50 a 59 anios",NA,NA,NA
"factor(month)11",43.369021313772,19.4149749273957,2.23379229053629,0.02803166451532,"lm","04.de 50 a 59 anios",NA,NA,NA
"factor(month)12",-34.2848628349317,22.2925244642476,-1.53795335696131,0.127648076609454,"lm","04.de 50 a 59 anios",NA,NA,NA
"covid:factor(anio_def)2020",-14.1760160694199,4.94971362620575,-2.86400732243709,0.00522935577076892,"lm","04.de 50 a 59 anios",NA,NA,NA
"covid:factor(anio_def)2021",-14.1202962077906,4.94618072792104,-2.85478776140992,0.00537009183763291,"lm","04.de 50 a 59 anios",NA,NA,NA
"covid:factor(anio_def)2022",-14.0443256731597,4.93933779051188,-2.84336205961412,0.00554932884500585,"lm","04.de 50 a 59 anios",NA,NA,NA
"covid:factor(anio_def)2023",-14.5834865349141,5.06924972772352,-2.87685304891523,0.0050389130339678,"lm","04.de 50 a 59 anios",NA,NA,NA
NA,NA,NA,NA,NA,"lm","04.de 50 a 59 anios",2015,15.10155769129,4.94544857465949
NA,NA,NA,NA,NA,"lm","04.de 50 a 59 anios",2016,NA,4.94544857465949
NA,NA,NA,NA,NA,"lm","04.de 50 a 59 anios",2017,NA,4.94544857465949
NA,NA,NA,NA,NA,"lm","04.de 50 a 59 anios",2018,NA,4.94544857465949
NA,NA,NA,NA,NA,"lm","04.de 50 a 59 anios",2019,NA,4.94544857465949
NA,NA,NA,NA,NA,"lm","04.de 50 a 59 anios",2020,0.925541621870067,0.0272099507150008
NA,NA,NA,NA,NA,"lm","04.de 50 a 59 anios",2021,0.98126148349937,0.0106198503150681
NA,NA,NA,NA,NA,"lm","04.de 50 a 59 anios",2022,1.05723201813029,0.0408389508868965
NA,NA,NA,NA,NA,"lm","04.de 50 a 59 anios",2023,0.518071156375894,0.966420629795584
NA,NA,NA,NA,NA,"lm","04.de 50 a 59 anios",2024,NA,4.94544857465949
"(Intercept)",-2791.17654265989,119.521922696184,-23.3528417188775,1.75763103931447e-39,"lm","05.de 60 a 69 anios",NA,NA,NA
"covid",1.13126540150312,2.26450752314112,0.499563543040887,0.618629195833561,"lm","05.de 60 a 69 anios",NA,NA,NA
"factor(anio_def)2016",-50.6389536114681,27.6783382287728,-1.82955180303516,0.0707033668253478,"lm","05.de 60 a 69 anios",NA,NA,NA
"factor(anio_def)2017",-46.4634897705143,23.6390996180816,-1.96553551197755,0.052505587763645,"lm","05.de 60 a 69 anios",NA,NA,NA
"factor(anio_def)2018",-33.1924097040938,23.848257689193,-1.39181696779196,0.167485767299979,"lm","05.de 60 a 69 anios",NA,NA,NA
"factor(anio_def)2019",-75.682498815591,24.6896854304957,-3.06534884896148,0.00288686223109066,"lm","05.de 60 a 69 anios",NA,NA,NA
"factor(anio_def)2020",-146.307680864307,30.0246493341624,-4.87291888860919,4.82578626525145e-06,"lm","05.de 60 a 69 anios",NA,NA,NA
"factor(anio_def)2021",-125.167008574775,25.0758016246421,-4.99154565219454,2.99935159227618e-06,"lm","05.de 60 a 69 anios",NA,NA,NA
"factor(anio_def)2022",-193.764552756682,34.4124925078837,-5.63064569392326,2.11290772386205e-07,"lm","05.de 60 a 69 anios",NA,NA,NA
"factor(anio_def)2023",-127.455725336521,27.4378888037509,-4.64524534843574,1.1825157170115e-05,"lm","05.de 60 a 69 anios",NA,NA,NA
"factor(anio_def)2024",-185.743953200919,33.4817060429644,-5.54762511093576,3.00615374856357e-07,"lm","05.de 60 a 69 anios",NA,NA,NA
"resp",1.33479787161575,0.092462062899628,14.4361679780468,6.27113783543073e-25,"lm","05.de 60 a 69 anios",NA,NA,NA
"circ",1.60384405269201,0.125516387968741,12.7779653210817,9.33422186776757e-22,"lm","05.de 60 a 69 anios",NA,NA,NA
"diabetes",1.75399557688559,0.376342768964183,4.66063312897748,1.1137988311186e-05,"lm","05.de 60 a 69 anios",NA,NA,NA
"alzheimer",3.39655051375735,2.95301270634375,1.15019840803962,0.253178256900252,"lm","05.de 60 a 69 anios",NA,NA,NA
"metabolic",3.03299003616763,1.40744742930936,2.1549579565156,0.0338962106776575,"lm","05.de 60 a 69 anios",NA,NA,NA
"anemia",0.345090541446027,2.09592849448213,0.1646480509018,0.869598620421767,"lm","05.de 60 a 69 anios",NA,NA,NA
"factor(month)2",250.130407607542,35.3916477238353,7.06749822894191,3.55203728536168e-10,"lm","05.de 60 a 69 anios",NA,NA,NA
"factor(month)3",80.811766844691,25.4654994005751,3.17338237014374,0.00207596973153151,"lm","05.de 60 a 69 anios",NA,NA,NA
"factor(month)4",62.4666276111115,31.98913213359,1.95274530581962,0.0540279730660796,"lm","05.de 60 a 69 anios",NA,NA,NA
"factor(month)5",-462.940742614551,32.0965203108717,-14.423393505923,6.62581839126604e-25,"lm","05.de 60 a 69 anios",NA,NA,NA
"factor(month)6",-1056.98755345112,39.6419877385889,-26.6633338474653,6.30933097957407e-44,"lm","05.de 60 a 69 anios",NA,NA,NA
"factor(month)7",-1192.08126373433,41.9787989231093,-28.3972217956452,4.3673918493263e-46,"lm","05.de 60 a 69 anios",NA,NA,NA
"factor(month)8",-840.047944987569,32.4767003155993,-25.8661728816112,6.76390201417872e-43,"lm","05.de 60 a 69 anios",NA,NA,NA
"factor(month)9",-544.277185816288,31.3186947475319,-17.3786676042488,3.40490024993267e-30,"lm","05.de 60 a 69 anios",NA,NA,NA
"factor(month)10",-394.627105326507,31.0506603347906,-12.7091372960062,1.27276302189762e-21,"lm","05.de 60 a 69 anios",NA,NA,NA
"factor(month)11",15.5211898300686,31.7442506656813,0.488944911427649,0.626097096621763,"lm","05.de 60 a 69 anios",NA,NA,NA
"factor(month)12",-113.785821578996,34.0809368443417,-3.33869406520988,0.00123549250266252,"lm","05.de 60 a 69 anios",NA,NA,NA
"covid:factor(anio_def)2020",-0.170690691377213,2.26568457099014,-0.0753373587668555,0.940117301380338,"lm","05.de 60 a 69 anios",NA,NA,NA
"covid:factor(anio_def)2021",-0.181641689116092,2.26523951994385,-0.080186526641825,0.936270983790162,"lm","05.de 60 a 69 anios",NA,NA,NA
"covid:factor(anio_def)2022",-0.181563705194788,2.26230662124243,-0.0802560110508252,0.936215880136501,"lm","05.de 60 a 69 anios",NA,NA,NA
"covid:factor(anio_def)2023",0.152514312794081,2.28531505524771,0.0667366682960698,0.946942732171038,"lm","05.de 60 a 69 anios",NA,NA,NA
NA,NA,NA,NA,NA,"lm","05.de 60 a 69 anios",2015,1.13126540150312,2.26450752314112
NA,NA,NA,NA,NA,"lm","05.de 60 a 69 anios",2016,NA,2.26450752314112
NA,NA,NA,NA,NA,"lm","05.de 60 a 69 anios",2017,NA,2.26450752314112
NA,NA,NA,NA,NA,"lm","05.de 60 a 69 anios",2018,NA,2.26450752314112
NA,NA,NA,NA,NA,"lm","05.de 60 a 69 anios",2019,NA,2.26450752314112
NA,NA,NA,NA,NA,"lm","05.de 60 a 69 anios",2020,0.960574710125908,0.0200388877958902
NA,NA,NA,NA,NA,"lm","05.de 60 a 69 anios",2021,0.949623712387029,0.00849318909092575
NA,NA,NA,NA,NA,"lm","05.de 60 a 69 anios",2022,0.949701696308333,0.0640136672667285
NA,NA,NA,NA,NA,"lm","05.de 60 a 69 anios",2023,1.2837797142972,0.340367300577169
NA,NA,NA,NA,NA,"lm","05.de 60 a 69 anios",2024,NA,2.26450752314112
"(Intercept)",-4366.60696921066,162.518121419879,-26.8684312313035,3.4579144556342e-44,"lm","06.de 70 a 79 anios",NA,NA,NA
"covid",2.86549310575246,1.66536002559669,1.72064482256668,0.0888297735232338,"lm","06.de 70 a 79 anios",NA,NA,NA
"factor(anio_def)2016",-76.9101401360773,34.5841267081236,-2.22385664918385,0.0287181296468395,"lm","06.de 70 a 79 anios",NA,NA,NA
"factor(anio_def)2017",-128.226393618274,30.0533749770598,-4.26662209206623,4.98454887661378e-05,"lm","06.de 70 a 79 anios",NA,NA,NA
"factor(anio_def)2018",-185.559313491034,28.0633115822839,-6.61216738256137,2.82597162740391e-09,"lm","06.de 70 a 79 anios",NA,NA,NA
"factor(anio_def)2019",-238.349915645788,36.8183475830787,-6.47367226646888,5.26884572155784e-09,"lm","06.de 70 a 79 anios",NA,NA,NA
"factor(anio_def)2020",-329.470765841133,49.1170542782519,-6.70786900156219,1.83327236432996e-09,"lm","06.de 70 a 79 anios",NA,NA,NA
"factor(anio_def)2021",-308.596947623802,51.958015539911,-5.93935207911774,5.59045057615827e-08,"lm","06.de 70 a 79 anios",NA,NA,NA
"factor(anio_def)2022",-418.923312574002,52.6881410021706,-7.95099816781815,5.83447482801975e-12,"lm","06.de 70 a 79 anios",NA,NA,NA
"factor(anio_def)2023",-387.217394014388,39.101177446202,-9.90295994403615,5.68757236852051e-16,"lm","06.de 70 a 79 anios",NA,NA,NA
"factor(anio_def)2024",-435.17316146592,68.7934227546917,-6.32579604328877,1.0199855502234e-08,"lm","06.de 70 a 79 anios",NA,NA,NA
"resp",1.05050136635035,0.070801276603592,14.8373223866003,1.12595479300244e-25,"lm","06.de 70 a 79 anios",NA,NA,NA
"circ",1.57599629043325,0.0879946347269987,17.9101407184966,4.28358228403768e-31,"lm","06.de 70 a 79 anios",NA,NA,NA
"diabetes",2.47919198181402,0.425896798816203,5.82110968832129,9.33380954904706e-08,"lm","06.de 70 a 79 anios",NA,NA,NA
"alzheimer",-1.19920999962056,1.58079139898642,-0.758613692097182,0.450110740685271,"lm","06.de 70 a 79 anios",NA,NA,NA
"metabolic",3.2207380609116,1.34941540320649,2.38676544914075,0.0191392793084073,"lm","06.de 70 a 79 anios",NA,NA,NA
"anemia",4.29277277831549,1.95609827910666,2.19455884408629,0.030828767712995,"lm","06.de 70 a 79 anios",NA,NA,NA
"factor(month)2",573.241533706744,49.7301705541023,11.5270373561881,2.82276667138483e-19,"lm","06.de 70 a 79 anios",NA,NA,NA
"factor(month)3",166.680605033445,45.7564526523798,3.64277813010874,0.000455257469585779,"lm","06.de 70 a 79 anios",NA,NA,NA
"factor(month)4",14.7063351260073,45.1570388043805,0.3256709366997,0.74544645373458,"lm","06.de 70 a 79 anios",NA,NA,NA
"factor(month)5",-779.415499153838,50.7880252343699,-15.3464423071599,1.31099811895359e-26,"lm","06.de 70 a 79 anios",NA,NA,NA
"factor(month)6",-1793.03348638252,60.5191574832727,-29.6275354936677,1.48289397631647e-47,"lm","06.de 70 a 79 anios",NA,NA,NA
"factor(month)7",-1997.01768879133,69.8257341173278,-28.6000242465872,2.48054472667062e-46,"lm","06.de 70 a 79 anios",NA,NA,NA
"factor(month)8",-1469.64764778337,54.9204051201803,-26.7595922602427,4.75568823584693e-44,"lm","06.de 70 a 79 anios",NA,NA,NA
"factor(month)9",-863.456014135636,47.8559781884784,-18.0428035706418,2.56723201119747e-31,"lm","06.de 70 a 79 anios",NA,NA,NA
"factor(month)10",-600.310647689566,46.459727161198,-12.9210971387479,4.90625041746361e-22,"lm","06.de 70 a 79 anios",NA,NA,NA
"factor(month)11",19.3220967469365,44.4620938152506,0.434574602519258,0.664935011952108,"lm","06.de 70 a 79 anios",NA,NA,NA
"factor(month)12",-113.065572570699,54.0614530799897,-2.09142681391501,0.0393719901325415,"lm","06.de 70 a 79 anios",NA,NA,NA
"covid:factor(anio_def)2020",-1.99291403437966,1.66673630988805,-1.19569845725238,0.235026324733902,"lm","06.de 70 a 79 anios",NA,NA,NA
"covid:factor(anio_def)2021",-1.95808796762147,1.66622503294547,-1.17516417584968,0.243098936573481,"lm","06.de 70 a 79 anios",NA,NA,NA
"covid:factor(anio_def)2022",-1.90722873113869,1.65859447604723,-1.14990659783457,0.253297793486652,"lm","06.de 70 a 79 anios",NA,NA,NA
"covid:factor(anio_def)2023",-2.67120498934897,1.63368506891747,-1.6350795145107,0.105604654921912,"lm","06.de 70 a 79 anios",NA,NA,NA
NA,NA,NA,NA,NA,"lm","06.de 70 a 79 anios",2015,2.86549310575246,1.66536002559669
NA,NA,NA,NA,NA,"lm","06.de 70 a 79 anios",2016,NA,1.66536002559669
NA,NA,NA,NA,NA,"lm","06.de 70 a 79 anios",2017,NA,1.66536002559669
NA,NA,NA,NA,NA,"lm","06.de 70 a 79 anios",2018,NA,1.66536002559669
NA,NA,NA,NA,NA,"lm","06.de 70 a 79 anios",2019,NA,1.66536002559669
NA,NA,NA,NA,NA,"lm","06.de 70 a 79 anios",2020,0.872579071372801,0.0216053222884827
NA,NA,NA,NA,NA,"lm","06.de 70 a 79 anios",2021,0.907405138130984,0.0176124299316367
NA,NA,NA,NA,NA,"lm","06.de 70 a 79 anios",2022,0.958264374613771,0.0444262537238115
NA,NA,NA,NA,NA,"lm","06.de 70 a 79 anios",2023,0.194288116403492,0.210402128916422
NA,NA,NA,NA,NA,"lm","06.de 70 a 79 anios",2024,NA,1.66536002559669
"(Intercept)",-8285.88624361828,237.071101612256,-34.9510597760259,2.2217803056926e-53,"lm","07.de 80 anios y mas",NA,NA,NA
"covid",0.271568381747405,0.8338229890699,0.325690686521284,0.745431560487396,"lm","07.de 80 anios y mas",NA,NA,NA
"factor(anio_def)2016",90.3536995318461,49.253702753173,1.83445496442448,0.0699657810970166,"lm","07.de 80 anios y mas",NA,NA,NA
"factor(anio_def)2017",65.603609470389,51.5355536090434,1.27297767999289,0.20637870906506,"lm","07.de 80 anios y mas",NA,NA,NA
"factor(anio_def)2018",156.163501675209,48.7648607066488,3.20237768368971,0.00189771792900109,"lm","07.de 80 anios y mas",NA,NA,NA
"factor(anio_def)2019",336.596066515618,64.2141020884099,5.24177798285169,1.08018056285094e-06,"lm","07.de 80 anios y mas",NA,NA,NA
"factor(anio_def)2020",224.02482359576,117.291257688612,1.90998739386448,0.0593920411114606,"lm","07.de 80 anios y mas",NA,NA,NA
"factor(anio_def)2021",364.004812342534,67.1164402768579,5.42348209829068,5.07183395081258e-07,"lm","07.de 80 anios y mas",NA,NA,NA
"factor(anio_def)2022",329.475373388303,63.3548864842512,5.20047294963119,1.28060633713515e-06,"lm","07.de 80 anios y mas",NA,NA,NA
"factor(anio_def)2023",584.931502945085,63.3255725642577,9.23689244738441,1.3347319672082e-14,"lm","07.de 80 anios y mas",NA,NA,NA
"factor(anio_def)2024",784.810470615162,106.721972535652,7.35378527934335,9.47807742364594e-11,"lm","07.de 80 anios y mas",NA,NA,NA
"resp",1.11179271683453,0.0749311838321484,14.8375170386342,1.12502242204342e-25,"lm","07.de 80 anios y mas",NA,NA,NA
"circ",1.40609183068106,0.0905424362921832,15.5296443111334,6.09572019776601e-27,"lm","07.de 80 anios y mas",NA,NA,NA
"diabetes",-0.0178554958962662,0.974140629637506,-0.0183294848331195,0.985417500785635,"lm","07.de 80 anios y mas",NA,NA,NA
"alzheimer",3.34267971979074,1.27432409853378,2.62310013883972,0.0102691079498447,"lm","07.de 80 anios y mas",NA,NA,NA
"metabolic",2.27737269186366,0.9571176102523,2.37940736589659,0.0195014000127056,"lm","07.de 80 anios y mas",NA,NA,NA
"anemia",3.82219614030336,1.94439881845074,1.9657469980098,0.0524807248354735,"lm","07.de 80 anios y mas",NA,NA,NA
"factor(month)2",870.860595123283,68.2511486941175,12.7596474460267,1.0136710919177e-21,"lm","07.de 80 anios y mas",NA,NA,NA
"factor(month)3",154.617800683951,52.809840415813,2.92782177462618,0.00434446577954366,"lm","07.de 80 anios y mas",NA,NA,NA
"factor(month)4",-188.372424866829,62.1439191834816,-3.03122859552283,0.0031986797999978,"lm","07.de 80 anios y mas",NA,NA,NA
"factor(month)5",-1829.41041544284,69.5257531813957,-26.3127018655926,1.77883229903463e-43,"lm","07.de 80 anios y mas",NA,NA,NA
"factor(month)6",-4048.19648018699,86.4281310888189,-46.8388755974234,5.3599856916581e-64,"lm","07.de 80 anios y mas",NA,NA,NA
"factor(month)7",-4810.38017004015,111.19512290585,-43.2607118399713,4.37690723620696e-61,"lm","07.de 80 anios y mas",NA,NA,NA
"factor(month)8",-3443.58099396551,84.7993355751286,-40.6085846146122,8.80874312080719e-59,"lm","07.de 80 anios y mas",NA,NA,NA
"factor(month)9",-2071.81699677279,68.3218142252174,-30.3243849752469,2.296195910703e-48,"lm","07.de 80 anios y mas",NA,NA,NA
"factor(month)10",-1221.22923244556,58.3673416799527,-20.9231600634128,6.44440927408055e-36,"lm","07.de 80 anios y mas",NA,NA,NA
"factor(month)11",96.1302421633894,43.7539000003135,2.19706682519046,0.030642932338617,"lm","07.de 80 anios y mas",NA,NA,NA
"factor(month)12",-203.822384915903,58.3085717338852,-3.49558184765919,0.000743268519980262,"lm","07.de 80 anios y mas",NA,NA,NA
"covid:factor(anio_def)2020",0.658229836886801,0.825734481202118,0.797144665593399,0.427512595219157,"lm","07.de 80 anios y mas",NA,NA,NA
"covid:factor(anio_def)2021",0.634282839971444,0.828802807156062,0.765300062324728,0.446140548297335,"lm","07.de 80 anios y mas",NA,NA,NA
"covid:factor(anio_def)2022",0.751266735119734,0.823732859735868,0.912027153269847,0.364246158149847,"lm","07.de 80 anios y mas",NA,NA,NA
"covid:factor(anio_def)2023",0.394524978527041,0.832467095854631,0.473922609664244,0.636728842166378,"lm","07.de 80 anios y mas",NA,NA,NA
NA,NA,NA,NA,NA,"lm","07.de 80 anios y mas",2015,0.271568381747405,0.8338229890699
NA,NA,NA,NA,NA,"lm","07.de 80 anios y mas",2016,NA,0.8338229890699
NA,NA,NA,NA,NA,"lm","07.de 80 anios y mas",2017,NA,0.8338229890699
NA,NA,NA,NA,NA,"lm","07.de 80 anios y mas",2018,NA,0.8338229890699
NA,NA,NA,NA,NA,"lm","07.de 80 anios y mas",2019,NA,0.8338229890699
NA,NA,NA,NA,NA,"lm","07.de 80 anios y mas",2020,0.929798218634207,0.0317672394636381
NA,NA,NA,NA,NA,"lm","07.de 80 anios y mas",2021,0.905851221718849,0.0301214537389078
NA,NA,NA,NA,NA,"lm","07.de 80 anios y mas",2022,1.02283511686714,0.0386756597632512
NA,NA,NA,NA,NA,"lm","07.de 80 anios y mas",2023,0.666093360274446,0.114337939243671
NA,NA,NA,NA,NA,"lm","07.de 80 anios y mas",2024,NA,0.8338229890699
"(Intercept)",-93.6628504290622,7.11730947868966,-13.1598676029901,1.6865236468208e-22,"lm","08.sin especificar",NA,NA,NA
"covid",2.75616668047247,4.02284980443055,0.685127910427324,0.495063957234693,"lm","08.sin especificar",NA,NA,NA
"factor(anio_def)2016",-9.6487645212813,5.39715361507088,-1.78775058288842,0.0772585901095198,"lm","08.sin especificar",NA,NA,NA
"factor(anio_def)2017",-9.86454703335124,6.06143646139467,-1.62742727671545,0.107221861735632,"lm","08.sin especificar",NA,NA,NA
"factor(anio_def)2018",1.45324951589377,5.31092744437779,0.273633848534722,0.785007235755669,"lm","08.sin especificar",NA,NA,NA
"factor(anio_def)2019",2.60031554918704,5.07445330309856,0.512432649168184,0.609632040526528,"lm","08.sin especificar",NA,NA,NA
"factor(anio_def)2020",8.83647077259686,6.5719537270139,1.3445728834448,0.182218778964709,"lm","08.sin especificar",NA,NA,NA
"factor(anio_def)2021",6.66482287923407,5.44353461820831,1.22435574432477,0.224085706446151,"lm","08.sin especificar",NA,NA,NA
"factor(anio_def)2022",17.0396753955236,5.7570606597217,2.95978736419068,0.00395514201548477,"lm","08.sin especificar",NA,NA,NA
"factor(anio_def)2023",28.0723840675588,6.14545824572266,4.56798873983036,1.59459247085326e-05,"lm","08.sin especificar",NA,NA,NA
"factor(anio_def)2024",27.2987012851018,5.8997739574106,4.62707579682988,1.2689616693518e-05,"lm","08.sin especificar",NA,NA,NA
"resp",1.46757284129295,0.210432511736421,6.97407843105144,5.45190508382011e-10,"lm","08.sin especificar",NA,NA,NA
"circ",1.61512028841825,0.188446335588741,8.57071740542107,3.13750076619212e-13,"lm","08.sin especificar",NA,NA,NA
"diabetes",1.88921723661161,0.900786554869037,2.09729733020525,0.0388358041406735,"lm","08.sin especificar",NA,NA,NA
"alzheimer",4.01866618473387,2.38569580255289,1.68448390630254,0.0956319340924811,"lm","08.sin especificar",NA,NA,NA
"metabolic",3.20945260525647,1.76057681831453,1.82295516552865,0.0717059260530962,"lm","08.sin especificar",NA,NA,NA
"anemia",4.89148854806878,1.86865460838269,2.61765257534795,0.0104221790750394,"lm","08.sin especificar",NA,NA,NA
"factor(month)2",12.7588912468457,5.26101701828451,2.42517581724267,0.0173443235652047,"lm","08.sin especificar",NA,NA,NA
"factor(month)3",18.6197211937383,6.27461992323617,2.96746598543535,0.00386654890849955,"lm","08.sin especificar",NA,NA,NA
"factor(month)4",1.91423987513575,5.29423156168336,0.361570863086143,0.718539442350474,"lm","08.sin especificar",NA,NA,NA
"factor(month)5",-36.7225178321883,5.02556216805887,-7.30714626625988,1.17633162820096e-10,"lm","08.sin especificar",NA,NA,NA
"factor(month)6",-43.3069959805366,5.39902046918954,-8.02126908532309,4.19360012857357e-12,"lm","08.sin especificar",NA,NA,NA
"factor(month)7",-62.3899890158442,6.25103389542552,-9.98074719471621,3.93734682395079e-16,"lm","08.sin especificar",NA,NA,NA
"factor(month)8",-41.8809937621256,6.84408072864176,-6.11930154284388,2.54364482022672e-08,"lm","08.sin especificar",NA,NA,NA
"factor(month)9",-38.2935770742614,5.0825754057052,-7.53428606908159,4.09773868910482e-11,"lm","08.sin especificar",NA,NA,NA
"factor(month)10",-28.521551793872,6.06343504308691,-4.70386036812421,9.40859335221999e-06,"lm","08.sin especificar",NA,NA,NA
"factor(month)11",7.02121205902959,5.58598680448645,1.25693316235377,0.212103822954317,"lm","08.sin especificar",NA,NA,NA
"factor(month)12",-1.32950689616905,5.52098135501295,-0.240809886989001,0.810262621182628,"lm","08.sin especificar",NA,NA,NA
"covid:factor(anio_def)2020",-1.68229559216525,4.03757402536871,-0.416659999691677,0.67794168916083,"lm","08.sin especificar",NA,NA,NA
"covid:factor(anio_def)2021",-1.59257212902184,4.03040269181021,-0.395139704590301,0.693695976218917,"lm","08.sin especificar",NA,NA,NA
"covid:factor(anio_def)2022",-2.5184286802246,3.99813825255632,-0.629900348897234,0.530391940746187,"lm","08.sin especificar",NA,NA,NA
"covid:factor(anio_def)2023",-4.11098894816124,5.58968261929343,-0.735460173350753,0.464014970976282,"lm","08.sin especificar",NA,NA,NA
NA,NA,NA,NA,NA,"lm","08.sin especificar",2015,2.75616668047247,4.02284980443055
NA,NA,NA,NA,NA,"lm","08.sin especificar",2016,NA,4.02284980443055
NA,NA,NA,NA,NA,"lm","08.sin especificar",2017,NA,4.02284980443055
NA,NA,NA,NA,NA,"lm","08.sin especificar",2018,NA,4.02284980443055
NA,NA,NA,NA,NA,"lm","08.sin especificar",2019,NA,4.02284980443055
NA,NA,NA,NA,NA,"lm","08.sin especificar",2020,1.07387108830722,0.105592912156443
NA,NA,NA,NA,NA,"lm","08.sin especificar",2021,1.16359455145063,0.109352595087251
NA,NA,NA,NA,NA,"lm","08.sin especificar",2022,0.237738000247868,0.433106237921963
NA,NA,NA,NA,NA,"lm","08.sin especificar",2023,-1.35482226768877,3.65174364851544
NA,NA,NA,NA,NA,"lm","08.sin especificar",2024,NA,4.02284980443055
