age,anio_def,cause,excess_total,attributable,se_attrib,lower95,upper95
01.menor a 20 anios,2015,resp,-77.32242265407683,0,0,0,0
01.menor a 20 anios,2015,circ,-36.39173275245285,-0,0,-0,0
01.menor a 20 anios,2015,diabetes,-7.968605561416922,-0,0,-0,0
01.menor a 20 anios,2015,alzheimer,-0.2217861883530128,0,0,0,0
01.menor a 20 anios,2015,metabolic,-15.683080902622049,0,0,0,0
01.menor a 20 anios,2015,anemia,1.1834927333998748,0,0,0,0
01.menor a 20 anios,2016,resp,91.13878867296533,NA,0,NA,NA
01.menor a 20 anios,2016,circ,5.804133623774781,NA,0,NA,NA
01.menor a 20 anios,2016,diabetes,0.8156972192916017,NA,0,NA,NA
01.menor a 20 anios,2016,alzheimer,-0.21089309417650556,NA,0,NA,NA
01.menor a 20 anios,2016,metabolic,-8.541540451310617,NA,0,NA,NA
01.menor a 20 anios,2016,anemia,7.991746366700082,NA,0,NA,NA
01.menor a 20 anios,2017,resp,-48.39999999998042,NA,0,NA,NA
01.menor a 20 anios,2017,circ,25.00000000000628,NA,0,NA,NA
01.menor a 20 anios,2017,diabetes,2.600000000000324,NA,0,NA,NA
01.menor a 20 anios,2017,alzheimer,-0.19999999999999551,NA,0,NA,NA
01.menor a 20 anios,2017,metabolic,13.60000000000212,NA,0,NA,NA
01.menor a 20 anios,2017,anemia,0.8000000000007477,NA,0,NA,NA
01.menor a 20 anios,2018,resp,-3.938788672938756,NA,0,NA,NA
01.menor a 20 anios,2018,circ,18.19586637623376,NA,0,NA,NA
01.menor a 20 anios,2018,diabetes,-0.615697219291161,NA,0,NA,NA
01.menor a 20 anios,2018,alzheimer,0.8108930941765116,NA,0,NA,NA
01.menor a 20 anios,2018,metabolic,6.741540451313497,NA,0,NA,NA
01.menor a 20 anios,2018,anemia,-7.391746366699065,NA,0,NA,NA
01.menor a 20 anios,2019,resp,38.5224226541036,NA,0,NA,NA
01.menor a 20 anios,2019,circ,-12.608267247538532,NA,0,NA,NA
01.menor a 20 anios,2019,diabetes,5.168605561417365,NA,0,NA,NA
01.menor a 20 anios,2019,alzheimer,-0.17821381164698102,NA,0,NA,NA
01.menor a 20 anios,2019,metabolic,3.8830809026249486,NA,0,NA,NA
01.menor a 20 anios,2019,anemia,-2.58349273339885,NA,0,NA,NA
01.menor a 20 anios,2020,resp,-322.0163660188412,-121.3714514828866,27.698218849106425,-175.6599604271352,-67.08294253863801
01.menor a 20 anios,2020,circ,-1.4124008713067369,18.61800031851676,6.6617941280992055,5.560883827442318,31.675116809591202
01.menor a 20 anios,2020,diabetes,9.952908342126104,7.322919201849529,1.9019532621980249,3.5950908079414003,11.050747595757658
01.menor a 20 anios,2020,alzheimer,-0.16732071747047078,-0.05826970658429754,0.039403663176380534,-0.13550088641000338,0.01896147324140831
01.menor a 20 anios,2020,metabolic,-8.975378646062214,1.848163333335844,2.0929402467754645,-2.2539995503440666,5.950326217015754
01.menor a 20 anios,2020,anemia,-9.77523910009815,2.2575875043092397,1.4267482828113662,-0.5388391300010382,5.054014138619518
01.menor a 20 anios,2021,resp,-245.55515469179915,-189.48669112722732,23.241512374294818,-235.04005538084516,-143.93332687360947
01.menor a 20 anios,2021,circ,41.78346550492087,3.142676776407724,8.465771682937719,-13.450235722150206,19.735589274965655
01.menor a 20 anios,2021,diabetes,7.737211122834625,2.54471119484339,1.4809700400620767,-0.35799008367828034,5.44741247336506
01.menor a 20 anios,2021,alzheimer,-0.15642762329396354,-0.17503571334638313,0.08919056281788627,-0.3498492164694402,-2.222102233260248e-4
01.menor a 20 anios,2021,metabolic,-0.8338381947507925,-18.53968159593403,3.3113414501087446,-25.02991083814717,-12.049452353720891
01.menor a 20 anios,2021,anemia,1.0330145332020537,-2.2756515024835067,2.232455819226771,-6.6512649081679776,2.0999619032009647
01.menor a 20 anios,2022,resp,66.90605663525588,-12.226019107126222,15.355610579374478,-42.323015842700194,17.870977628447754
01.menor a 20 anios,2022,circ,92.97933188115263,-13.645525383949737,5.239307663101164,-23.914568403628017,-3.376482364271455
01.menor a 20 anios,2022,diabetes,9.521513903543362,5.796925753936211,0.713451247268026,4.39856130929088,7.195290198581542
01.menor a 20 anios,2022,alzheimer,-0.14553452911745332,0.0200529196065492,0.018765762992814315,-0.016727975859366858,0.05683381507246525
01.menor a 20 anios,2022,metabolic,0.30770225656203376,2.1961744492739186,1.515063051679434,-0.7733491320177719,5.1656980305656095
01.menor a 20 anios,2022,anemia,-0.15873183349724918,2.646069419063045,0.8896125583465799,0.9024288047037483,4.389710033422341
01.menor a 20 anios,2023,resp,-19.63273203770226,33.4559058710624,9.599438500554934,14.641006409974729,52.27080533215007
01.menor a 20 anios,2023,circ,95.17519825738017,-9.208121952326753,5.010292924763137,-19.0282960848625,0.6120521802089947
01.menor a 20 anios,2023,diabetes,1.3058166842518797,0.1872522687443392,1.0130133601108668,-1.7982539170729597,2.172758454561638
01.menor a 20 anios,2023,alzheimer,-0.13464143494094613,0.02198104239742096,0.020801257738674486,-0.018789422770381033,0.06275150756522295
01.menor a 20 anios,2023,metabolic,-5.550757292126569,-2.4675930152204,4.0759417068358355,-10.456438760618639,5.521252730177838
01.menor a 20 anios,2023,anemia,-7.350478200197055,-6.460379480049648,1.9489337793459507,-10.280289687567711,-2.6404692725315844
01.menor a 20 anios,2024,resp,-20.171520710660104,NA,9.26025136273187,NA,NA
01.menor a 20 anios,2024,circ,76.3710646336078,NA,4.8925135106474045,NA,NA
01.menor a 20 anios,2024,diabetes,4.090119464960402,NA,1.3733935053890802,NA,NA
01.menor a 20 anios,2024,alzheimer,-0.12374834076443886,NA,0.04393433202568114,NA,NA
01.menor a 20 anios,2024,metabolic,3.5907831591848582,NA,3.470420656426956,NA,NA
01.menor a 20 anios,2024,anemia,7.457775433103151,NA,1.6463031084095388,NA,NA
02.de 20 a 39 anios,2015,resp,-161.40573849975644,0,0,0,0
02.de 20 a 39 anios,2015,circ,-123.63087897344904,-0,0,-0,0
02.de 20 a 39 anios,2015,diabetes,-15.865984777035676,-0,0,-0,0
02.de 20 a 39 anios,2015,alzheimer,-1.8199651970616793,-0,0,-0,0
02.de 20 a 39 anios,2015,metabolic,-11.881383084709373,0,0,0,0
02.de 20 a 39 anios,2015,anemia,-0.44623743042737707,0,0,0,0
02.de 20 a 39 anios,2016,resp,177.59713075012507,NA,0,NA,NA
02.de 20 a 39 anios,2016,circ,13.08456051327964,NA,0,NA,NA
02.de 20 a 39 anios,2016,diabetes,12.967007611482614,NA,0,NA,NA
02.de 20 a 39 anios,2016,alzheimer,-0.8099825985308342,NA,0,NA,NA
02.de 20 a 39 anios,2016,metabolic,12.359308457645447,NA,0,NA,NA
02.de 20 a 39 anios,2016,anemia,8.67688128478638,NA,0,NA,NA
02.de 20 a 39 anios,2017,resp,-1.4000000000007589,NA,0,NA,NA
02.de 20 a 39 anios,2017,circ,47.79999999999899,NA,0,NA,NA
02.de 20 a 39 anios,2017,diabetes,-4.200000000000102,NA,0,NA,NA
02.de 20 a 39 anios,2017,alzheimer,1.1999999999999986,NA,0,NA,NA
02.de 20 a 39 anios,2017,metabolic,-6.400000000000025,NA,0,NA,NA
02.de 20 a 39 anios,2017,anemia,-4.200000000000014,NA,0,NA,NA
02.de 20 a 39 anios,2018,resp,48.602869249874914,NA,0,NA,NA
02.de 20 a 39 anios,2018,circ,64.5154394867202,NA,0,NA,NA
02.de 20 a 39 anios,2018,diabetes,17.632992388517383,NA,0,NA,NA
02.de 20 a 39 anios,2018,alzheimer,1.2099825985308341,NA,0,NA,NA
02.de 20 a 39 anios,2018,metabolic,1.8406915423545596,NA,0,NA,NA
02.de 20 a 39 anios,2018,anemia,-0.07688128478637823,NA,0,NA,NA
02.de 20 a 39 anios,2019,resp,-63.39426150024862,NA,0,NA,NA
02.de 20 a 39 anios,2019,circ,-1.7691210265576132,NA,0,NA,NA
02.de 20 a 39 anios,2019,diabetes,-10.53401522296502,NA,0,NA,NA
02.de 20 a 39 anios,2019,alzheimer,0.21996519706167064,NA,0,NA,NA
02.de 20 a 39 anios,2019,metabolic,4.081383084709179,NA,0,NA,NA
02.de 20 a 39 anios,2019,anemia,-3.953762569572725,NA,0,NA,NA
02.de 20 a 39 anios,2020,resp,-87.39139225036936,7.898384362319459,16.586325629973544,-24.61081387242869,40.40758259706761
02.de 20 a 39 anios,2020,circ,-41.05368153983176,12.424136543082318,15.085328454305483,-17.14310722735643,41.99138031352106
02.de 20 a 39 anios,2020,diabetes,35.298977165552955,14.466404220832827,5.072395093716412,4.52450983714866,24.408298604516993
02.de 20 a 39 anios,2020,alzheimer,2.229947795592512,2.323562979616729,0.745659718972606,0.8620699304304213,3.7850560288030364
02.de 20 a 39 anios,2020,metabolic,0.32207462706390855,-7.0234526842701195,3.238727429572626,-13.371358446232467,-0.675546922307773
02.de 20 a 39 anios,2020,anemia,9.169356145640984,22.40043756508102,1.4804908695651893,19.49867546073325,25.30219966942879
02.de 20 a 39 anios,2021,resp,200.6114769995056,125.88669932714726,28.302848164434423,70.41311692485579,181.36028172943873
02.de 20 a 39 anios,2021,circ,174.66175794688849,101.47741195814822,33.383043936850974,36.04664584192031,166.90817807437614
02.de 20 a 39 anios,2021,diabetes,50.131969554070345,16.973759542843,4.240112193221677,8.663139644128512,25.284379441557483
02.de 20 a 39 anios,2021,alzheimer,-0.7600696058766537,0.2237393341743713,0.26880548059394227,-0.30311940778975555,0.7505980761384982
02.de 20 a 39 anios,2021,metabolic,-6.437233830581535,6.514337786545752,3.027438146559966,0.5805590192882191,12.448116553803285
02.de 20 a 39 anios,2021,anemia,-4.707525139145394,6.825307196911493,2.041740612530066,2.823495596352563,10.827118797470423
02.de 20 a 39 anios,2022,resp,154.61434624938278,49.489806201635055,16.343352728512894,17.456834853749783,81.52277754952033
02.de 20 a 39 anios,2022,circ,241.37719743361163,-19.88430685598979,13.015849575102676,-45.39537202319104,5.626758311211454
02.de 20 a 39 anios,2022,diabetes,38.96496194258804,21.357318501058803,1.9002806864956643,17.6327683555273,25.081868646590305
02.de 20 a 39 anios,2022,alzheimer,0.24991299265418412,-0.8286672951224645,0.3077757418313137,-1.4319077491118393,-0.22542684113308975
02.de 20 a 39 anios,2022,metabolic,1.8034577117731119,0.614414132930009,1.7762783761039445,-2.867091484233722,4.09591975009374
02.de 20 a 39 anios,2022,anemia,-0.5844064239317273,-2.6653631071582455,1.2419702072778478,-5.099624713422827,-0.2311015008936641
02.de 20 a 39 anios,2023,resp,73.61721549926203,38.072094274606464,6.5740516650667935,25.18695301107555,50.95723553813738
02.de 20 a 39 anios,2023,circ,175.09263692033747,-86.29165497077307,7.628951864716802,-101.244400625618,-71.33890931592813
02.de 20 a 39 anios,2023,diabetes,-5.202045668893977,-13.878353962059123,4.250859118744975,-22.210037834799273,-5.546670089318972
02.de 20 a 39 anios,2023,alzheimer,3.2598955911850256,-2.264985989149147,0.5779274627280742,-3.397723816096172,-1.1322481622021214
02.de 20 a 39 anios,2023,metabolic,-4.955850745872159,-3.9917482085291374,1.4833829403843861,-6.899178771682534,-1.0843176453757408
02.de 20 a 39 anios,2023,anemia,2.538712291281983,-4.3363515244225805,1.0246705954372213,-6.344705891479534,-2.327997157365627
02.de 20 a 39 anios,2024,resp,296.620084749137,NA,21.989091167979293,NA,NA
02.de 20 a 39 anios,2024,circ,317.80807640705774,NA,16.991882225325703,NA,NA
02.de 20 a 39 anios,2024,diabetes,9.63094671962341,NA,4.230266858651826,NA,NA
02.de 20 a 39 anios,2024,alzheimer,-0.7301218102841404,NA,0.5017612679445584,NA,NA
02.de 20 a 39 anios,2024,metabolic,3.284840796482399,NA,2.145201854881668,NA,NA
02.de 20 a 39 anios,2024,anemia,8.661831006495603,NA,2.100023455365266,NA,NA
03.de 40 a 49 anios,2015,resp,-166.17743824499865,0,0,0,0
03.de 40 a 49 anios,2015,circ,-37.58163550429518,0,0,0,0
03.de 40 a 49 anios,2015,diabetes,-31.050658422757937,0,0,0,0
03.de 40 a 49 anios,2015,alzheimer,-0.18705151452097135,0,0,0,0
03.de 40 a 49 anios,2015,metabolic,-10.852548972979399,0,0,0,0
03.de 40 a 49 anios,2015,anemia,6.0395469813620295,-0,0,-0,0
03.de 40 a 49 anios,2016,resp,205.21128087749977,NA,0,NA,NA
03.de 40 a 49 anios,2016,circ,-1.5908177521494906,NA,0,NA,NA
03.de 40 a 49 anios,2016,diabetes,22.274670788620803,NA,0,NA,NA
03.de 40 a 49 anios,2016,alzheimer,0.8064742427395133,NA,0,NA,NA
03.de 40 a 49 anios,2016,metabolic,-4.026274486489722,NA,0,NA,NA
03.de 40 a 49 anios,2016,anemia,-2.0802265093190013,NA,0,NA,NA
03.de 40 a 49 anios,2017,resp,-22.40000000000002,NA,0,NA,NA
03.de 40 a 49 anios,2017,circ,-3.6000000000000227,NA,0,NA,NA
03.de 40 a 49 anios,2017,diabetes,4.599999999999994,NA,0,NA,NA
03.de 40 a 49 anios,2017,alzheimer,-1.2,NA,0,NA,NA
03.de 40 a 49 anios,2017,metabolic,2.8000000000000003,NA,0,NA,NA
03.de 40 a 49 anios,2017,anemia,5.8,NA,0,NA,NA
03.de 40 a 49 anios,2018,resp,9.988719122499333,NA,0,NA,NA
03.de 40 a 49 anios,2018,circ,23.39081775214774,NA,0,NA,NA
03.de 40 a 49 anios,2018,diabetes,7.925329211378983,NA,0,NA,NA
03.de 40 a 49 anios,2018,alzheimer,0.7935257572604857,NA,0,NA,NA
03.de 40 a 49 anios,2018,metabolic,3.6262744864897014,NA,0,NA,NA
03.de 40 a 49 anios,2018,anemia,-6.319773490681014,NA,0,NA,NA
03.de 40 a 49 anios,2019,resp,-26.622561755001314,NA,0,NA,NA
03.de 40 a 49 anios,2019,circ,19.381635504295417,NA,0,NA,NA
03.de 40 a 49 anios,2019,diabetes,-3.749341577242056,NA,0,NA,NA
03.de 40 a 49 anios,2019,alzheimer,-0.21294848547902856,NA,0,NA,NA
03.de 40 a 49 anios,2019,metabolic,8.4525489729794,NA,0,NA,NA
03.de 40 a 49 anios,2019,anemia,-3.439546981362027,NA,0,NA,NA
03.de 40 a 49 anios,2020,resp,-36.23384263250195,56.1630571473713,22.951327865281176,11.178454531420194,101.1476597633224
03.de 40 a 49 anios,2020,circ,98.37245325644324,180.13835658994319,15.93285977367127,148.9099514335475,211.36676174633888
03.de 40 a 49 anios,2020,diabetes,24.575987634136933,112.4913773860895,7.937835502812665,96.93321980057667,128.04953497160233
03.de 40 a 49 anios,2020,alzheimer,3.780577271781457,-0.6581546884823308,0.6277159977779604,-1.8884780441271332,0.5721686671624715
03.de 40 a 49 anios,2020,metabolic,-0.7211765405308972,-3.5788625882877474,1.9109779799513555,-7.324379428992405,0.16665425241690945
03.de 40 a 49 anios,2020,anemia,4.440679527956959,-3.857447495359996,2.686775535638691,-9.12352754521183,1.408632554491838
03.de 40 a 49 anios,2021,resp,485.1548764899973,365.4207322898842,19.275065659089684,327.6416035980684,403.1998609817
03.de 40 a 49 anios,2021,circ,335.36327100859086,136.99049686905707,29.089704388715795,79.97467626717412,194.00631747094002
03.de 40 a 49 anios,2021,diabetes,69.90131684551591,34.544739158699684,7.4648618379194165,19.913609956377627,49.17586836102174
03.de 40 a 49 anios,2021,alzheimer,-1.2258969709580572,-0.21912043252649588,0.18000307803514043,-0.5719264654753711,0.13368560042237937
03.de 40 a 49 anios,2021,metabolic,4.105097945958803,-2.014195216165598,2.381077148051856,-6.681106426347235,2.6527159940160394
03.de 40 a 49 anios,2021,anemia,0.32090603727594447,1.11289531190167,1.4035996264990775,-1.638159956036522,3.8639505798398623
03.de 40 a 49 anios,2022,resp,208.54359561249663,67.45831690594325,12.971200274150307,42.03476436860865,92.88186944327785
03.de 40 a 49 anios,2022,circ,382.35408876073836,99.3029930308119,11.749719667537471,76.27354248243846,122.33244357918535
03.de 40 a 49 anios,2022,diabetes,35.22664605689486,23.16697294583361,3.5972393715964843,16.116383777504502,30.217562114162718
03.de 40 a 49 anios,2022,alzheimer,2.7676287863024287,-0.9447751309663717,0.32975616263128527,-1.5910972097236908,-0.2984530522090526
03.de 40 a 49 anios,2022,metabolic,4.9313724324485,11.311278674433769,2.395905388971499,6.615304112049631,16.007253236817906
03.de 40 a 49 anios,2022,anemia,-5.798867453405071,-0.7387307314511473,0.9273378564532128,-2.5563129300994443,1.0788514671971496
03.de 40 a 49 anios,2023,resp,78.93231473499598,18.18921135496608,8.918819525377808,0.708325085225578,35.670097624706585
03.de 40 a 49 anios,2023,circ,282.34490651288615,7.701032555120256,12.629384876237008,-17.05256180230428,32.45462691254479
03.de 40 a 49 anios,2023,diabetes,30.55197526827382,-4.786807442671492,2.9019866231214273,-10.47470122398949,0.9010863386465058
03.de 40 a 49 anios,2023,alzheimer,-0.23884545643708574,-0.15690669680311956,0.21868655441234436,-0.5855323434513144,0.2717189498450754
03.de 40 a 49 anios,2023,metabolic,4.757646918938201,2.195392883548953,0.7446024080985595,0.7359721636757766,3.65481360342213
03.de 40 a 49 anios,2023,anemia,7.081359055913914,-0.901456290111102,0.7999575223988354,-2.4693730340128193,0.6664604537906155
03.de 40 a 49 anios,2024,resp,291.32103385749537,NA,21.69383920128936,NA,NA
03.de 40 a 49 anios,2024,circ,409.33572426503383,NA,32.86890782767449,NA,NA
03.de 40 a 49 anios,2024,diabetes,24.87730447965281,NA,4.440478489955892,NA,NA
03.de 40 a 49 anios,2024,alzheimer,-1.2453196991766,NA,0.1750611798969966,NA,NA
03.de 40 a 49 anios,2024,metabolic,15.583921405427901,NA,2.997568661384412,NA,NA
03.de 40 a 49 anios,2024,anemia,2.961585565232901,NA,1.809687454250967,NA,NA
04.de 50 a 59 anios,2015,resp,-348.491334935533,0,0,0,0
04.de 50 a 59 anios,2015,circ,-111.85327507097384,0,0,0,0
04.de 50 a 59 anios,2015,diabetes,-37.808357730677585,0,0,0,0
04.de 50 a 59 anios,2015,alzheimer,1.8253004151191046,0,0,0,0
04.de 50 a 59 anios,2015,metabolic,-6.275108877721611,0,0,0,0
04.de 50 a 59 anios,2015,anemia,-2.2540208287814036,0,0,0,0
04.de 50 a 59 anios,2016,resp,307.5543325322366,NA,0,NA,NA
04.de 50 a 59 anios,2016,circ,282.8733624645201,NA,0,NA,NA
04.de 50 a 59 anios,2016,diabetes,11.995821134662279,NA,0,NA,NA
04.de 50 a 59 anios,2016,alzheimer,4.912650207559559,NA,0,NA,NA
04.de 50 a 59 anios,2016,metabolic,0.6624455611392648,NA,0,NA,NA
04.de 50 a 59 anios,2016,anemia,19.272989585609338,NA,0,NA,NA
04.de 50 a 59 anios,2017,resp,-48.40000000000623,NA,0,NA,NA
04.de 50 a 59 anios,2017,circ,-145.40000000001453,NA,0,NA,NA
04.de 50 a 59 anios,2017,diabetes,-62.20000000000205,NA,0,NA,NA
04.de 50 a 59 anios,2017,alzheimer,-2.0000000000000124,NA,0,NA,NA
04.de 50 a 59 anios,2017,metabolic,4.59999999999986,NA,0,NA,NA
04.de 50 a 59 anios,2017,anemia,0.7999999999999221,NA,0,NA,NA
04.de 50 a 59 anios,2018,resp,22.64566746776532,NA,0,NA,NA
04.de 50 a 59 anios,2018,circ,-96.67336246451578,NA,0,NA,NA
04.de 50 a 59 anios,2018,diabetes,24.60417886533844,NA,0,NA,NA
04.de 50 a 59 anios,2018,alzheimer,-1.912650207559554,NA,0,NA,NA
04.de 50 a 59 anios,2018,metabolic,0.5375544388607834,NA,0,NA,NA
04.de 50 a 59 anios,2018,anemia,-11.67298958560931,NA,0,NA,NA
04.de 50 a 59 anios,2019,resp,66.69133493554008,NA,0,NA,NA
04.de 50 a 59 anios,2019,circ,71.05327507099025,NA,0,NA,NA
04.de 50 a 59 anios,2019,diabetes,63.40835773067998,NA,0,NA,NA
04.de 50 a 59 anios,2019,alzheimer,-2.825300415119089,NA,0,NA,NA
04.de 50 a 59 anios,2019,metabolic,0.475108877721782,NA,0,NA,NA
04.de 50 a 59 anios,2019,anemia,-6.145979171218501,NA,0,NA,NA
04.de 50 a 59 anios,2020,resp,80.73700240330851,285.15548923579627,50.35127770393373,186.46698493608613,383.8439935355064
04.de 50 a 59 anios,2020,circ,111.77991260648184,296.58750000972105,56.86180688060211,185.13835852374092,408.0366414957012
04.de 50 a 59 anios,2020,diabetes,64.21253659601948,88.87597318284914,10.186926362756502,68.90959751184639,108.84234885385189
04.de 50 a 59 anios,2020,alzheimer,1.2620493773213637,1.002247335687518,0.8420837952049753,-0.6482369029142336,2.6527315742892696
04.de 50 a 59 anios,2020,metabolic,-11.587336683417362,-1.9081698943023804,2.581375958012451,-6.967666772006785,3.151326983402024
04.de 50 a 59 anios,2020,anemia,-2.6189687568277744,-4.047681205148209,2.0628122158318773,-8.090793148178689,-0.004569262117730233
04.de 50 a 59 anios,2021,resp,1109.7826698710842,681.8553897341145,35.11640966243129,613.0272267957491,750.6835526724799
04.de 50 a 59 anios,2021,circ,1039.50655014199,200.9863544654716,34.73646666004531,132.90287981178278,269.06982911916043
04.de 50 a 59 anios,2021,diabetes,164.01671546136131,66.36707642143755,8.127741064824907,50.43670393438073,82.29744890849436
04.de 50 a 59 anios,2021,alzheimer,1.3493991697618308,4.882234460936896,1.0307150700334669,2.8620329236713014,6.902435998202491
04.de 50 a 59 anios,2021,metabolic,7.350217755443652,8.843578840381193,2.1266405143448046,4.675363432265376,13.01179424849701
04.de 50 a 59 anios,2021,anemia,5.908041657563046,-8.12123822840904,1.7758621494119196,-11.601928041256402,-4.6405484155616765
04.de 50 a 59 anios,2022,resp,712.8283373388538,247.96813972893128,26.372396477319317,196.27824263338542,299.6580368244771
04.de 50 a 59 anios,2022,circ,903.2331876774842,191.75631997074666,43.307999954257525,106.8726400604019,276.6399998810914
04.de 50 a 59 anios,2022,diabetes,151.82089432670116,37.86598166399347,9.629960104493923,18.991259859185384,56.74070346880156
04.de 50 a 59 anios,2022,alzheimer,-2.5632510377977145,1.095198072172381,0.3823799963915806,0.34573327924488306,1.844662865099879
04.de 50 a 59 anios,2022,metabolic,22.28777219430453,-3.0897683547900634,1.3719362529657682,-5.778763410602969,-0.40077329897715774
04.de 50 a 59 anios,2022,anemia,14.435052071953788,0.89749168924303,1.369146007188812,-1.7860344848470413,3.581017863333101
04.de 50 a 59 anios,2023,resp,297.8740048066285,121.24363758213903,11.726918976716728,98.25887638777425,144.2283987765038
04.de 50 a 59 anios,2023,circ,644.9598252129902,-37.12445851885122,17.683878602452133,-71.78486057965739,-2.464056458045043
04.de 50 a 59 anios,2023,diabetes,7.6250731920426915,48.3792326511483,6.873063723597141,34.90802775289791,61.85043754939869
04.de 50 a 59 anios,2023,alzheimer,0.5240987546427508,-2.0758090288261815,0.3843228316644524,-2.8290817788885083,-1.3225362787638546
04.de 50 a 59 anios,2023,metabolic,16.225326633165523,-6.887877998559069,1.4174864792852868,-9.66615149795823,-4.109604499159907
04.de 50 a 59 anios,2023,anemia,4.962062486344596,-8.502117962399188,1.2404351492550871,-10.93337085493916,-6.0708650698592175
04.de 50 a 59 anios,2024,resp,698.9196722744011,NA,27.292168663686137,NA,NA
04.de 50 a 59 anios,2024,circ,852.6864627484913,NA,40.688285611812944,NA,NA
04.de 50 a 59 anios,2024,diabetes,27.429252057383536,NA,11.589281989484295,NA,NA
04.de 50 a 59 anios,2024,alzheimer,2.611448547083212,NA,0.7157206150501186,NA,NA
04.de 50 a 59 anios,2024,metabolic,22.162881072026472,NA,3.0877162168934262,NA,NA
04.de 50 a 59 anios,2024,anemia,5.489072900735378,NA,1.693739462471039,NA,NA
05.de 60 a 69 anios,2015,resp,-634.3736407607987,0,0,0,0
05.de 60 a 69 anios,2015,circ,-321.2870007636993,0,0,0,0
05.de 60 a 69 anios,2015,diabetes,147.5775895552273,0,0,0,0
05.de 60 a 69 anios,2015,alzheimer,-6.9940808088154265,0,0,0,0
05.de 60 a 69 anios,2015,metabolic,-35.16640869913057,0,0,0,0
05.de 60 a 69 anios,2015,anemia,-3.211273229806774,-0,0,-0,0
05.de 60 a 69 anios,2016,resp,443.3131796196011,NA,0,NA,NA
05.de 60 a 69 anios,2016,circ,736.0564996181492,NA,0,NA,NA
05.de 60 a 69 anios,2016,diabetes,63.68879477761362,NA,0,NA,NA
05.de 60 a 69 anios,2016,alzheimer,11.802959595592286,NA,0,NA,NA
05.de 60 a 69 anios,2016,metabolic,8.216795650434712,NA,0,NA,NA
05.de 60 a 69 anios,2016,anemia,13.494363385096612,NA,0,NA,NA
05.de 60 a 69 anios,2017,resp,69.00000000000068,NA,0,NA,NA
05.de 60 a 69 anios,2017,circ,-236.60000000000082,NA,0,NA,NA
05.de 60 a 69 anios,2017,diabetes,-126.2000000000001,NA,0,NA,NA
05.de 60 a 69 anios,2017,alzheimer,-3.3999999999999995,NA,0,NA,NA
05.de 60 a 69 anios,2017,metabolic,16.599999999999994,NA,0,NA,NA
05.de 60 a 69 anios,2017,anemia,6.1999999999999975,NA,0,NA,NA
05.de 60 a 69 anios,2018,resp,60.686820380401514,NA,0,NA,NA
05.de 60 a 69 anios,2018,circ,-131.25649961814975,NA,0,NA,NA
05.de 60 a 69 anios,2018,diabetes,-16.088794777613458,NA,0,NA,NA
05.de 60 a 69 anios,2018,alzheimer,-14.602959595592278,NA,0,NA,NA
05.de 60 a 69 anios,2018,metabolic,-2.016795650434698,NA,0,NA,NA
05.de 60 a 69 anios,2018,anemia,-17.094363385096607,NA,0,NA,NA
05.de 60 a 69 anios,2019,resp,61.373640760801436,NA,0,NA,NA
05.de 60 a 69 anios,2019,circ,-46.912999236300266,NA,0,NA,NA
05.de 60 a 69 anios,2019,diabetes,-68.9775895552271,NA,0,NA,NA
05.de 60 a 69 anios,2019,alzheimer,13.194080808815436,NA,0,NA,NA
05.de 60 a 69 anios,2019,metabolic,12.366408699130591,NA,0,NA,NA
05.de 60 a 69 anios,2019,anemia,0.6112732298067804,NA,0,NA,NA
05.de 60 a 69 anios,2020,resp,-263.93953885879637,782.1234923991469,95.72357253092264,594.5052902385386,969.7416945597553
05.de 60 a 69 anios,2020,circ,-496.5694988544458,586.1316546303136,77.33884856799503,434.54751143704334,737.7157978235839
05.de 60 a 69 anios,2020,diabetes,165.13361566716,267.3160130476531,21.63278285248471,224.91575865678305,309.7162674385231
05.de 60 a 69 anios,2020,alzheimer,-3.0088787867768323,9.475569865869414,3.3140896729695464,2.979954106849103,15.971185624889724
05.de 60 a 69 anios,2020,metabolic,-6.250386951304071,-4.943680555600541,5.674125656804336,-16.06496684293704,6.177605731735958
05.de 60 a 69 anios,2020,anemia,-13.683090155289808,2.673131807494311,3.2822432359331,-3.7600649349345643,9.106328549923187
05.de 60 a 69 anios,2021,resp,1673.7472815216124,1382.6501712511658,134.878973792065,1118.2873826187183,1647.0129598836133
05.de 60 a 69 anios,2021,circ,1011.7740015274214,600.8317280399709,99.70502974682876,405.4098697361866,796.2535863437553
05.de 60 a 69 anios,2021,diabetes,44.244820889549004,183.641464636917,25.795946002474853,133.0814104720663,234.2015188017677
05.de 60 a 69 anios,2021,alzheimer,-13.211838382369052,12.280566160571981,1.7638385155703187,8.823442670054156,15.737689651089806
05.de 60 a 69 anios,2021,metabolic,-4.867182601738575,10.963823430345728,3.795549410539276,3.5245465856887472,18.40310027500271
05.de 60 a 69 anios,2021,anemia,10.022546459613679,2.570065101517596,2.5912969178615315,-2.5088768574910056,7.649007060526198
05.de 60 a 69 anios,2022,resp,1624.4341019020153,468.58483116299027,61.20376771991839,348.6254464319502,588.5442158940303
05.de 60 a 69 anios,2022,circ,1205.1175019092764,462.71726917992754,64.2588620591502,336.7698995439931,588.664638815862
05.de 60 a 69 anios,2022,diabetes,-118.64397388806375,178.2034878617056,14.793366064665083,149.20849037496205,207.19848534844917
05.de 60 a 69 anios,2022,alzheimer,1.5852020220386853,15.243091205951922,2.475896535600135,10.390333996175658,20.095848415728184
05.de 60 a 69 anios,2022,metabolic,24.516021747826777,13.794114430046992,3.634497900985837,6.670498544114752,20.917730315979234
05.de 60 a 69 anios,2022,anemia,-15.271816925482902,11.869194564551051,1.4962352481501033,8.936573478176848,14.801815650925255
05.de 60 a 69 anios,2023,resp,521.1209222824145,100.08271059919045,39.293946486697365,23.066575485263613,177.09884571311727
05.de 60 a 69 anios,2023,circ,-213.5389977088746,57.36840931205118,34.25774206412313,-9.776765133630157,124.5135837577325
05.de 60 a 69 anios,2023,diabetes,-351.5327686656775,16.004594271903855,10.32456488027057,-4.231552893426461,36.24074143723417
05.de 60 a 69 anios,2023,alzheimer,-0.6177575735536056,15.034327464239016,1.416198196169174,12.258578999747435,17.810075928730598
05.de 60 a 69 anios,2023,metabolic,-5.100773902607948,-0.48083539853004265,2.7688458532212357,-5.9077732708436645,4.946102473783579
05.de 60 a 69 anios,2023,anemia,-0.5661803105795231,-0.6010519821913076,1.8598672989429403,-4.24639188811947,3.0442879237368556
05.de 60 a 69 anios,2024,resp,1454.8077426628145,NA,63.05863748101091,NA,NA
05.de 60 a 69 anios,2024,circ,197.80450267297442,NA,90.2388355059055,NA,NA
05.de 60 a 69 anios,2024,diabetes,-256.4215634432912,NA,14.885162652999988,NA,NA
05.de 60 a 69 anios,2024,alzheimer,10.17928283085411,NA,2.7364742768766073,NA,NA
05.de 60 a 69 anios,2024,metabolic,24.282430446957342,NA,7.649360105698757,NA,NA
05.de 60 a 69 anios,2024,anemia,9.139456304323867,NA,1.7178809194600315,NA,NA
06.de 70 a 79 anios,2015,resp,-1184.4490705184107,-0,0,-0,0
06.de 70 a 79 anios,2015,circ,-106.1393825186858,0,0,0,0
06.de 70 a 79 anios,2015,diabetes,25.294152159954365,0,0,0,0
06.de 70 a 79 anios,2015,alzheimer,2.2443237957475155,0,0,0,0
06.de 70 a 79 anios,2015,metabolic,-34.947023112262244,0,0,0,0
06.de 70 a 79 anios,2015,anemia,36.25751785113976,0,0,0,0
06.de 70 a 79 anios,2016,resp,587.6754647407743,NA,0,NA,NA
06.de 70 a 79 anios,2016,circ,1100.8303087406223,NA,0,NA,NA
06.de 70 a 79 anios,2016,diabetes,158.94707607997313,NA,0,NA,NA
06.de 70 a 79 anios,2016,alzheimer,22.122161897873358,NA,0,NA,NA
06.de 70 a 79 anios,2016,metabolic,19.926488443868266,NA,0,NA,NA
06.de 70 a 79 anios,2016,anemia,8.428758925569598,NA,0,NA,NA
06.de 70 a 79 anios,2017,resp,436.79999999995937,NA,0,NA,NA
06.de 70 a 79 anios,2017,circ,-184.20000000007053,NA,0,NA,NA
06.de 70 a 79 anios,2017,diabetes,-118.40000000000813,NA,0,NA,NA
06.de 70 a 79 anios,2017,alzheimer,1.9999999999992006,NA,0,NA,NA
06.de 70 a 79 anios,2017,metabolic,0.7999999999987644,NA,0,NA,NA
06.de 70 a 79 anios,2017,anemia,-3.400000000000567,NA,0,NA,NA
06.de 70 a 79 anios,2018,resp,82.92453525914493,NA,0,NA,NA
06.de 70 a 79 anios,2018,circ,-477.23030874076267,NA,0,NA,NA
06.de 70 a 79 anios,2018,diabetes,-22.747076079989426,NA,0,NA,NA
06.de 70 a 79 anios,2018,alzheimer,3.877838102125036,NA,0,NA,NA
06.de 70 a 79 anios,2018,metabolic,-17.326488443870723,NA,0,NA,NA
06.de 70 a 79 anios,2018,anemia,-27.228758925570734,NA,0,NA,NA
06.de 70 a 79 anios,2019,resp,77.04907051833027,NA,0,NA,NA
06.de 70 a 79 anios,2019,circ,-333.2606174814557,NA,0,NA,NA
06.de 70 a 79 anios,2019,diabetes,-43.094152159970776,NA,0,NA,NA
06.de 70 a 79 anios,2019,alzheimer,-30.244323795749125,NA,0,NA,NA
06.de 70 a 79 anios,2019,metabolic,31.547023112259783,NA,0,NA,NA
06.de 70 a 79 anios,2019,anemia,-14.05751785114091,NA,0,NA,NA
06.de 70 a 79 anios,2020,resp,-783.8263942225472,1017.1450734674075,194.62175821975038,635.6864273566969,1398.6037195781182
06.de 70 a 79 anios,2020,circ,-1017.2909262222531,1370.7266448687155,177.63042452114544,1022.5710128072704,1718.8822769301605
06.de 70 a 79 anios,2020,diabetes,104.55877176003568,316.0110749503558,33.99972239361186,249.37161905887655,382.65053084183506
06.de 70 a 79 anios,2020,alzheimer,-3.366485693624515,-13.90356935774119,9.460796469058149,-32.44673043709516,4.639591721612781
06.de 70 a 79 anios,2020,metabolic,-62.57946533161154,18.177430954283356,7.421295560988654,3.631691654745593,32.72317025382112
06.de 70 a 79 anios,2020,anemia,-27.88627677671191,-13.114850598691428,6.1002743374169155,-25.07138830002858,-1.1583128973542731
06.de 70 a 79 anios,2021,resp,1310.2981410366383,605.5097643332435,290.2011176530855,36.71557373319604,1174.3039549332912
06.de 70 a 79 anios,2021,circ,1493.6787650370547,1003.0340833868762,155.44250118960062,698.366781055259,1307.7013857184934
06.de 70 a 79 anios,2021,diabetes,93.21169568005448,207.2974546426723,24.6179283935536,159.04631499130724,255.54859429403737
06.de 70 a 79 anios,2021,alzheimer,22.51135240850132,-29.528415588136404,6.699983746984561,-42.660383732226144,-16.396447444046665
06.de 70 a 79 anios,2021,metabolic,6.294046224518958,-19.661588787755598,9.05669946356459,-37.4127197363422,-1.910457839169002
06.de 70 a 79 anios,2021,anemia,-7.715035702282082,35.15200546758271,6.711757125179018,21.996961502231837,48.30704943293358
06.de 70 a 79 anios,2022,resp,3909.4226762958233,969.1729477965988,69.67141025850266,832.6169836899336,1105.728911903264
06.de 70 a 79 anios,2022,circ,2147.6484562963615,1688.2407751653614,161.74578641734178,1371.2190337873715,2005.2625165433512
06.de 70 a 79 anios,2022,diabetes,16.864619600073212,321.6262333586704,15.184236038862876,291.86513072249915,351.38733599484164
06.de 70 a 79 anios,2022,alzheimer,30.38919051062716,54.238637311629894,2.745747250935804,48.85697269979572,59.62030192346407
06.de 70 a 79 anios,2022,metabolic,99.16755778064947,49.849178080886155,4.717810273728136,40.60226994437901,59.0960862173933
06.de 70 a 79 anios,2022,anemia,-4.54379462785225,-0.8170940232900821,3.701183662969457,-8.071414002710219,6.437225956130054
06.de 70 a 79 anios,2023,resp,1875.5472115550087,210.51445417233037,46.356874439551056,119.6549802708103,301.37392807385044
06.de 70 a 79 anios,2023,circ,-305.3818524443302,299.1701561960021,40.519073617951506,219.75277190481717,378.587540487187
06.de 70 a 79 anios,2023,diabetes,-450.482456479908,81.04559956971778,15.674288496576354,50.323994116428125,111.76720502300743
06.de 70 a 79 anios,2023,alzheimer,1.2670286127529984,3.7280358692834583,4.25311872997383,-4.608076841465248,12.064148580032164
06.de 70 a 79 anios,2023,metabolic,3.0410693367799624,21.29805889406002,5.015800423879371,11.467090063256453,31.129027724863587
06.de 70 a 79 anios,2023,anemia,-9.372553553422412,17.970167843648063,2.0033548513754056,14.043592334952269,21.896743352343858
06.de 70 a 79 anios,2024,resp,3808.671746814194,NA,203.68954186438475,NA,NA
06.de 70 a 79 anios,2024,circ,480.58783881497675,NA,212.71710311682494,NA,NA
06.de 70 a 79 anios,2024,diabetes,-287.82953255988934,NA,24.02265866465816,NA,NA
06.de 70 a 79 anios,2024,alzheimer,22.14486671487884,NA,5.973327266227941,NA,NA
06.de 70 a 79 anios,2024,metabolic,24.914580892910475,NA,10.788947625173291,NA,NA
06.de 70 a 79 anios,2024,anemia,16.798687521007416,NA,3.925482723994206,NA,NA
07.de 80 anios y mas,2015,resp,-2430.303756908797,-0,0,-0,0
07.de 80 anios y mas,2015,circ,-331.89617767563595,0,0,0,0
07.de 80 anios y mas,2015,diabetes,3.502402574942039,0,0,0,0
07.de 80 anios y mas,2015,alzheimer,-36.73832180118586,0,0,0,0
07.de 80 anios y mas,2015,metabolic,-75.1480082261526,0,0,0,0
07.de 80 anios y mas,2015,anemia,55.60983809646479,0,0,0,0
07.de 80 anios y mas,2016,resp,1216.8481215455981,NA,0,NA,NA
07.de 80 anios y mas,2016,circ,2137.351911162178,NA,0,NA,NA
07.de 80 anios y mas,2016,diabetes,122.85120128747084,NA,0,NA,NA
07.de 80 anios y mas,2016,alzheimer,194.63083909940698,NA,0,NA,NA
07.de 80 anios y mas,2016,metabolic,85.1259958869236,NA,0,NA,NA
07.de 80 anios y mas,2016,anemia,15.304919048232314,NA,0,NA,NA
07.de 80 anios y mas,2017,resp,2423.999999999994,NA,0,NA,NA
07.de 80 anios y mas,2017,circ,180.5999999999908,NA,0,NA,NA
07.de 80 anios y mas,2017,diabetes,-0.8000000000004377,NA,0,NA,NA
07.de 80 anios y mas,2017,alzheimer,-1.000000000000142,NA,0,NA,NA
07.de 80 anios y mas,2017,metabolic,51.39999999999982,NA,0,NA,NA
07.de 80 anios y mas,2017,anemia,-26.0000000000001,NA,0,NA,NA
07.de 80 anios y mas,2018,resp,-675.8481215456204,NA,0,NA,NA
07.de 80 anios y mas,2018,circ,-1320.1519111622101,NA,0,NA,NA
07.de 80 anios y mas,2018,diabetes,-128.45120128747257,NA,0,NA,NA
07.de 80 anios y mas,2018,alzheimer,-118.63083909940764,NA,0,NA,NA
07.de 80 anios y mas,2018,metabolic,-49.325995886924446,NA,0,NA,NA
07.de 80 anios y mas,2018,anemia,-41.304919048232755,NA,0,NA,NA
07.de 80 anios y mas,2019,resp,-534.6962430912281,NA,0,NA,NA
07.de 80 anios y mas,2019,circ,-665.903822324402,NA,0,NA,NA
07.de 80 anios y mas,2019,diabetes,2.8975974250559773,NA,0,NA,NA
07.de 80 anios y mas,2019,alzheimer,-38.26167819881489,NA,0,NA,NA
07.de 80 anios y mas,2019,metabolic,-12.051991773848329,NA,0,NA,NA
07.de 80 anios y mas,2019,anemia,-3.609838096465225,NA,0,NA,NA
07.de 80 anios y mas,2020,resp,-6198.544364636846,-481.0218856681155,547.3282088961998,-1553.7851751046674,591.7414037684363
07.de 80 anios y mas,2020,circ,570.3442665133944,2950.6413429677264,282.6023385979802,2396.740759315685,3504.5419266197678
07.de 80 anios y mas,2020,diabetes,239.24639613758364,310.11556785625817,24.64798735031987,261.8055126496312,358.4256230628851
07.de 80 anios y mas,2020,alzheimer,63.10748270177754,84.219709080032,11.785746235786558,61.119646457890354,107.31977170217365
07.de 80 anios y mas,2020,metabolic,-305.7779876607727,-10.37412973419259,15.699632571455325,-41.14540957424502,20.397150105859847
07.de 80 anios y mas,2020,anemia,-101.91475714469792,21.09179322950387,11.621470346901447,-1.6862886504229628,43.86987510943071
07.de 80 anios y mas,2021,resp,-3794.392486182656,-3080.982048029724,676.0979657749505,-4406.134060948627,-1755.830035110821
07.de 80 anios y mas,2021,circ,4966.59235535092,904.7209977933284,429.5733781660005,62.757176587967365,1746.6848189986895
07.de 80 anios y mas,2021,diabetes,123.59519485009568,121.11437448812063,29.04207070279832,64.19191591063593,178.03683306560532
07.de 80 anios y mas,2021,alzheimer,24.47664360236365,109.26839830191503,21.19487180301954,67.72644956799672,150.81034703583333
07.de 80 anios y mas,2021,metabolic,-175.50398354770505,-59.91727237065258,19.639385666989284,-98.41046827795158,-21.424076463353586
07.de 80 anios y mas,2021,anemia,-49.21967619293375,-20.142122300597933,8.389205986533753,-36.584966034204086,-3.699278566991776
07.de 80 anios y mas,2022,resp,6085.759392271701,2192.2779810399575,181.4140797754254,1836.7063846801236,2547.849577399791
07.de 80 anios y mas,2022,circ,7123.840444188677,4707.810858616932,336.3711520018621,4048.5234006932824,5367.098316540581
07.de 80 anios y mas,2022,diabetes,170.94399356262127,383.07749208272423,12.193079931142046,359.17905541768584,406.9759287477626
07.de 80 anios y mas,2022,alzheimer,176.8458045029552,162.7610682704605,19.214809273537046,125.10004209432789,200.42209444659312
07.de 80 anios y mas,2022,metabolic,140.77002056536952,138.2930311352116,30.502857677724535,78.50743008687152,198.0786321835517
07.de 80 anios y mas,2022,anemia,-13.52459524116685,48.6254737404475,12.555450905206477,24.0167899662428,73.2341575146522
07.de 80 anios y mas,2023,resp,2323.9112707260933,796.5398198810266,137.05919899124325,527.9037898581898,1065.1758499038633
07.de 80 anios y mas,2023,circ,-186.9114669735136,540.6198485981727,80.94421272796563,381.96919165136,699.2705055449853
07.de 80 anios y mas,2023,diabetes,-292.70720772485026,29.96190972414884,8.999832730901124,12.322237571582637,47.601581876715045
07.de 80 anios y mas,2023,alzheimer,-84.78503459645206,44.35860095018762,7.729023756371398,29.209714387699684,59.50748751267556
07.de 80 anios y mas,2023,metabolic,-152.95597532155438,78.16176596650926,8.213285211281068,62.06372695239837,94.25980498062016
07.de 80 anios y mas,2023,anemia,-0.8295142893993344,16.188470383332454,4.792866692038829,6.79445166693635,25.58248909972856
07.de 80 anios y mas,2024,resp,8214.063149180482,NA,475.4849347332473,NA,NA
07.de 80 anios y mas,2024,circ,3249.336621864292,NA,369.89777151271113,NA,NA
07.de 80 anios y mas,2024,diabetes,-147.3584090123219,NA,16.169817285123997,NA,NA
07.de 80 anios y mas,2024,alzheimer,-1.4158736958593892,NA,29.722737535138005,NA,NA
07.de 80 anios y mas,2024,metabolic,8.318028791521598,NA,23.482339419656302,NA,NA
07.de 80 anios y mas,2024,anemia,39.8655666623681,NA,10.318027125618817,NA,NA
08.sin especificar,2015,resp,-66.05522439985553,0,0,0,0
08.sin especificar,2015,circ,-79.92986199697765,-0,0,-0,0
08.sin especificar,2015,diabetes,0.7438478487770372,0,0,0,0
08.sin especificar,2015,alzheimer,-1.229154586570737,-0,0,-0,0
08.sin especificar,2015,metabolic,-1.4187173837409879,0,0,0,0
08.sin especificar,2015,anemia,-1.4406123158992732,-0,0,-0,0
08.sin especificar,2016,resp,-2.327612199929053,NA,0,NA,NA
08.sin especificar,2016,circ,28.235069001509423,NA,0,NA,NA
08.sin especificar,2016,diabetes,7.671923924388398,NA,0,NA,NA
08.sin especificar,2016,alzheimer,1.8854227067146163,NA,0,NA,NA
08.sin especificar,2016,metabolic,-1.1093586918705343,NA,0,NA,NA
08.sin especificar,2016,anemia,-2.3203061579496524,NA,0,NA,NA
08.sin especificar,2017,resp,92.40000000000215,NA,0,NA,NA
08.sin especificar,2017,circ,63.40000000000289,NA,0,NA,NA
08.sin especificar,2017,diabetes,9.600000000000211,NA,0,NA,NA
08.sin especificar,2017,alzheimer,5.000000000000025,NA,0,NA,NA
08.sin especificar,2017,metabolic,1.20000000000007,NA,0,NA,NA
08.sin especificar,2017,anemia,3.800000000000027,NA,0,NA,NA
08.sin especificar,2018,resp,22.127612199928635,NA,0,NA,NA
08.sin especificar,2018,circ,17.56493099848996,NA,0,NA,NA
08.sin especificar,2018,diabetes,-11.471923924388431,NA,0,NA,NA
08.sin especificar,2018,alzheimer,-3.8854227067146216,NA,0,NA,NA
08.sin especificar,2018,metabolic,-0.49064130812947726,NA,0,NA,NA
08.sin especificar,2018,anemia,-0.07969384205035249,NA,0,NA,NA
08.sin especificar,2019,resp,-46.14477560014065,NA,0,NA,NA
08.sin especificar,2019,circ,-29.270138003017212,NA,0,NA,NA
08.sin especificar,2019,diabetes,-6.543847848776666,NA,0,NA,NA
08.sin especificar,2019,alzheimer,-1.7708454134292186,NA,0,NA,NA
08.sin especificar,2019,metabolic,1.8187173837411108,NA,0,NA,NA
08.sin especificar,2019,anemia,0.04061231589932077,NA,0,NA,NA
08.sin especificar,2020,resp,118.58283659978935,123.09444648555537,14.366878862534305,94.93536391498813,151.2535290561226
08.sin especificar,2020,circ,220.8947929954746,130.5131527969645,26.57307397494659,78.4299278060692,182.5963777878598
08.sin especificar,2020,diabetes,8.38422822683503,0.6783411466024761,1.8438319036932378,-2.93556938463627,4.2922516778412225
08.sin especificar,2020,alzheimer,1.3437318798561757,1.903625577499042,0.6228883964738497,0.6827643204102967,3.1244868345877874
08.sin especificar,2020,metabolic,2.128076075611676,1.836047586723644,1.4073377849407547,-0.9223344717602351,4.594429645207523
08.sin especificar,2020,anemia,1.160918473848985,4.319971636306914,1.6371047143888207,1.1112463961048253,7.528696876509002
08.sin especificar,2021,resp,-67.68955120028458,8.623462707898057,7.400102127658123,-5.880737462311863,23.127662878107976
08.sin especificar,2021,circ,-4.940276006038868,30.23784589673173,8.540106859327699,13.499236452449441,46.97645534101402
08.sin especificar,2021,diabetes,-3.6876956975536492,4.890903338599236,1.8108524298349156,1.341632576122802,8.440174101075671
08.sin especificar,2021,alzheimer,2.458309173141524,2.6178373077694337,0.5812457101748183,1.47859571582679,3.757078899712077
08.sin especificar,2021,metabolic,-1.5625652325178834,-0.19061265691668794,0.6987891003973021,-1.5602392936954002,1.1790139798620243
08.sin especificar,2021,anemia,6.281224631798601,-4.220938148974391e-4,1.3561425378500145,-2.658461468000926,2.657617280371131
08.sin especificar,2022,resp,-144.96193900035365,24.059160388307717,5.941755599336057,12.413319413609045,35.70500136300639
08.sin especificar,2022,circ,-148.77534500754578,13.831930763908959,6.8406300802293805,0.42429580665937294,27.239565721158545
08.sin especificar,2022,diabetes,-14.759619621941866,2.902948719246416,2.5126605939021593,-2.021866044801816,7.827763483294648
08.sin especificar,2022,alzheimer,-3.4271135335730705,-0.1656775695224088,0.2728782941811858,-0.7005190261175329,0.36916388707271536
08.sin especificar,2022,metabolic,-5.253206540647289,-0.986360743264332,0.4499040393161931,-1.8681726603240705,-0.10454882620459349
08.sin especificar,2022,anemia,4.401530789748277,1.440507767188396,0.49534058888980953,0.4696402129643692,2.4113753214124225
08.sin especificar,2023,resp,-47.23432680042713,6.75936895075257,5.002501521099107,-3.0455340306016794,16.56427193210682
08.sin especificar,2023,circ,-38.61041400905864,13.712348662706491,6.383049877833955,1.201570902151941,26.223126423261043
08.sin especificar,2023,diabetes,-12.8315435463305,-0.7397776788615991,0.836211892647582,-2.37875298845086,0.8991976307276617
08.sin especificar,2023,alzheimer,-2.3125362402877165,-0.48802935942286196,0.28122989283398886,-1.03923994937748,0.06318123053175617
08.sin especificar,2023,metabolic,-3.9438478487768336,1.91984111649627,0.36858794331307965,1.197408747602634,2.6422734853899064
08.sin especificar,2023,anemia,-1.478163052302102,-0.707595892413588,0.4318412185553518,-1.5540046807820775,0.13881289595490154
08.sin especificar,2024,resp,-48.506714600496046,NA,5.1269105286559205,NA,NA
08.sin especificar,2024,circ,-44.445483010565326,NA,9.35305702202714,NA,NA
08.sin especificar,2024,diabetes,-7.9034674707187005,NA,1.3677171773041388,NA,NA
08.sin especificar,2024,alzheimer,-2.1979589470023093,NA,0.282878901377708,NA,NA
08.sin especificar,2024,metabolic,-0.6344891569062339,NA,0.6030361362638379,NA,NA
08.sin especificar,2024,anemia,5.642143105647576,NA,0.5613977163359737,NA,NA
